fid,source_file,park,lat,lon,activity,date,time
"2",Track 02 Aug 2025 14-54-26 (1).rctrk,Track 02 Aug 2025 14-54-26 (1),-33.855826,151.213823,0.79,,
"3",Track 02 Aug 2025 14-54-26 (1).rctrk,Track 02 Aug 2025 14-54-26 (1),-33.85294,151.203664,0.66,,
"4",Track 02 Aug 2025 14-54-26 (1).rctrk,Track 02 Aug 2025 14-54-26 (1),-33.846764,151.237279,0.89,,
"6",Track 02 Aug 2025 14-54-26 (1).rctrk,Track 02 Aug 2025 14-54-26 (1),-33.854526,151.218165,0.99,,
"8",Track 02 Aug 2025 14-54-26 (1).rctrk,Track 02 Aug 2025 14-54-26 (1),-33.850411,151.231122,0.59,,
"10",Track 02 Aug 2025 14-54-26 (1).rctrk,Track 02 Aug 2025 14-54-26 (1),-33.856322,151.231756,0.5,,
"11",Track 02 Aug 2025 14-54-26 (1).rctrk,Track 02 Aug 2025 14-54-26 (1),-33.859092,151.211127,1.33,,
"14",Track 02 Aug 2025 14-54-26 (1).rctrk,Track 02 Aug 2025 14-54-26 (1),-33.862943,151.199541,0.79,,
"15",Track 02 Aug 2025 14-54-26 (1).rctrk,Track 02 Aug 2025 14-54-26 (1),-33.854019,151.220143,0.97,,
"16",Track 02 Aug 2025 14-54-26 (1).rctrk,Track 02 Aug 2025 14-54-26 (1),-33.857035,151.236627,0.47,,
"17",Track 02 Aug 2025 14-54-26 (1).rctrk,Track 02 Aug 2025 14-54-26 (1),-33.849547,151.23306,0.95,,
"18",Track 02 Aug 2025 14-54-26 (1).rctrk,Track 02 Aug 2025 14-54-26 (1),-33.849393,151.234823,0.81,,
"20",Track 02 Aug 2025 14-54-26 (1).rctrk,Track 02 Aug 2025 14-54-26 (1),-33.854743,151.214854,1.02,,
"22",Track 02 Aug 2025 14-54-26 (1).rctrk,Track 02 Aug 2025 14-54-26 (1),-33.850046,151.22937,0.9,,
"24",Track 02 Aug 2025 14-54-26 (1).rctrk,Track 02 Aug 2025 14-54-26 (1),-33.846985,151.238728,0.99,,
"25",Track 02 Aug 2025 14-54-26 (1).rctrk,Track 02 Aug 2025 14-54-26 (1),-33.854006,151.2242,0.49,,
"26",Track 02 Aug 2025 14-54-26 (1).rctrk,Track 02 Aug 2025 14-54-26 (1),-33.852076,151.223929,0.9,,
"28",Track 02 Aug 2025 14-54-26 (1).rctrk,Track 02 Aug 2025 14-54-26 (1),-33.851744,151.227477,0.76,,
"29",Track 02 Aug 2025 14-54-26 (1).rctrk,Track 02 Aug 2025 14-54-26 (1),-33.851229,151.230579,0.82,,
"31",Track 02 Aug 2025 14-54-26 (1).rctrk,Track 02 Aug 2025 14-54-26 (1),-33.852641,151.22427,0.53,,
"33",Track 02 Aug 2025 14-54-26 (1).rctrk,Track 02 Aug 2025 14-54-26 (1),-33.852327,151.223494,0.9,,
"34",Track 02 Aug 2025 14-54-26 (1).rctrk,Track 02 Aug 2025 14-54-26 (1),-33.85465,151.219002,0.53,,
"38",Track 02 Aug 2025 14-54-26 (1).rctrk,Track 02 Aug 2025 14-54-26 (1),-33.850066,151.229233,0.9,,
"39",Track 02 Aug 2025 14-54-26 (1).rctrk,Track 02 Aug 2025 14-54-26 (1),-33.854799,151.214379,0.63,,
"41",Track 02 Aug 2025 14-54-26 (1).rctrk,Track 02 Aug 2025 14-54-26 (1),-33.85321,151.229105,0.52,,
"42",Track 02 Aug 2025 14-54-26 (1).rctrk,Track 02 Aug 2025 14-54-26 (1),-33.859363,151.24782,0.45,,
"43",Track 02 Aug 2025 14-54-26 (1).rctrk,Track 02 Aug 2025 14-54-26 (1),-33.856205,151.22799,0.48,,
"45",Track 02 Aug 2025 14-54-26 (1).rctrk,Track 02 Aug 2025 14-54-26 (1),-33.856755,151.212162,1.09,,
"48",Track 02 Aug 2025 14-54-26 (1).rctrk,Track 02 Aug 2025 14-54-26 (1),-33.850707,151.227125,0.92,,
"53",Track 02 Aug 2025 14-54-26 (1).rctrk,Track 02 Aug 2025 14-54-26 (1),-33.854619,151.211023,0.83,,
"54",Track 02 Aug 2025 14-54-26 (1).rctrk,Track 02 Aug 2025 14-54-26 (1),-33.852049,151.225727,0.83,,
"55",Track 02 Aug 2025 14-54-26 (1).rctrk,Track 02 Aug 2025 14-54-26 (1),-33.848825,151.235586,0.98,,
"56",Track 02 Aug 2025 14-54-26 (1).rctrk,Track 02 Aug 2025 14-54-26 (1),-33.85376,151.216037,0.89,,
"57",Track 02 Aug 2025 14-54-26 (1).rctrk,Track 02 Aug 2025 14-54-26 (1),-33.857856,151.212691,0.75,,
"59",Track 02 Aug 2025 14-54-26 (1).rctrk,Track 02 Aug 2025 14-54-26 (1),-33.858164,151.212229,0.74,,
"60",Track 02 Aug 2025 14-54-26 (1).rctrk,Track 02 Aug 2025 14-54-26 (1),-33.858204,151.210941,1.26,,
"61",Track 02 Aug 2025 14-54-26 (1).rctrk,Track 02 Aug 2025 14-54-26 (1),-33.850716,151.232661,0.77,,
"64",Track 02 Aug 2025 14-54-26 (1).rctrk,Track 02 Aug 2025 14-54-26 (1),-33.848207,151.233933,0.71,,
"68",Track 02 Aug 2025 14-54-26 (1).rctrk,Track 02 Aug 2025 14-54-26 (1),-33.851663,151.228102,0.75,,
"69",Track 02 Aug 2025 14-54-26 (1).rctrk,Track 02 Aug 2025 14-54-26 (1),-33.851336,151.230089,0.82,,
"73",Track 02 Aug 2025 14-54-26 (1).rctrk,Track 02 Aug 2025 14-54-26 (1),-33.852733,151.207553,0.71,,
"74",Track 02 Aug 2025 14-54-26 (1).rctrk,Track 02 Aug 2025 14-54-26 (1),-33.855039,151.211827,0.99,,
"78",Track 02 Aug 2025 14-54-26 (1).rctrk,Track 02 Aug 2025 14-54-26 (1),-33.848406,151.236678,0.98,,
"79",Track 02 Aug 2025 14-54-26 (1).rctrk,Track 02 Aug 2025 14-54-26 (1),-33.853938,151.216397,0.5,,
"80",Track 02 Aug 2025 14-54-26 (1).rctrk,Track 02 Aug 2025 14-54-26 (1),-33.85052,151.233114,0.78,,
"81",Track 02 Aug 2025 14-54-26 (1).rctrk,Track 02 Aug 2025 14-54-26 (1),-33.858229,151.243469,0.45,,
"82",Track 02 Aug 2025 14-54-26 (1).rctrk,Track 02 Aug 2025 14-54-26 (1),-33.849375,151.233449,0.61,,
"84",Track 02 Aug 2025 14-54-26 (1).rctrk,Track 02 Aug 2025 14-54-26 (1),-33.854415,151.2187,0.5,,
"85",Track 02 Aug 2025 14-54-26 (1).rctrk,Track 02 Aug 2025 14-54-26 (1),-33.853908,151.214479,0.89,,
"88",Track 02 Aug 2025 14-54-26 (1).rctrk,Track 02 Aug 2025 14-54-26 (1),-33.857755,151.21103,1.06,,
"90",Track 02 Aug 2025 14-54-26 (1).rctrk,Track 02 Aug 2025 14-54-26 (1),-33.859163,151.253486,0.51,,
"92",Track 02 Aug 2025 14-54-26 (1).rctrk,Track 02 Aug 2025 14-54-26 (1),-33.856537,151.233565,0.49,,
"93",Track 02 Aug 2025 14-54-26 (1).rctrk,Track 02 Aug 2025 14-54-26 (1),-33.854388,151.218784,1,,
"94",Track 02 Aug 2025 14-54-26 (1).rctrk,Track 02 Aug 2025 14-54-26 (1),-33.857748,151.240919,0.48,,
"95",Track 02 Aug 2025 14-54-26 (1).rctrk,Track 02 Aug 2025 14-54-26 (1),-33.85387,151.220622,0.96,,
"96",Track 02 Aug 2025 14-54-26 (1).rctrk,Track 02 Aug 2025 14-54-26 (1),-33.852767,151.204837,0.65,,
"97",Track 02 Aug 2025 14-54-26 (1).rctrk,Track 02 Aug 2025 14-54-26 (1),-33.848548,151.235681,0.85,,
"98",Track 02 Aug 2025 14-54-26 (1).rctrk,Track 02 Aug 2025 14-54-26 (1),-33.854135,151.223672,0.5,,
"104",Track 02 Aug 2025 14-54-26 (1).rctrk,Track 02 Aug 2025 14-54-26 (1),-33.855271,151.21997,0.55,,
"108",Track 02 Aug 2025 14-54-26 (1).rctrk,Track 02 Aug 2025 14-54-26 (1),-33.855203,151.219713,0.57,,
"110",Track 02 Aug 2025 14-54-26 (1).rctrk,Track 02 Aug 2025 14-54-26 (1),-33.854427,151.237385,0.5,,
"111",Track 02 Aug 2025 14-54-26 (1).rctrk,Track 02 Aug 2025 14-54-26 (1),-33.851738,151.224589,0.9,,
"112",Track 02 Aug 2025 14-54-26 (1).rctrk,Track 02 Aug 2025 14-54-26 (1),-33.853407,151.221191,0.89,,
"113",Track 02 Aug 2025 14-54-26 (1).rctrk,Track 02 Aug 2025 14-54-26 (1),-33.856581,151.211214,0.96,,
"115",Track 02 Aug 2025 14-54-26 (1).rctrk,Track 02 Aug 2025 14-54-26 (1),-33.850515,151.227619,0.92,,
"117",Track 02 Aug 2025 14-54-26 (1).rctrk,Track 02 Aug 2025 14-54-26 (1),-33.859236,151.211095,1.35,,
"118",Track 02 Aug 2025 14-54-26 (1).rctrk,Track 02 Aug 2025 14-54-26 (1),-33.851753,151.227347,0.77,,
"121",Track 02 Aug 2025 14-54-26 (1).rctrk,Track 02 Aug 2025 14-54-26 (1),-33.857693,151.212757,0.75,,
"122",Track 02 Aug 2025 14-54-26 (1).rctrk,Track 02 Aug 2025 14-54-26 (1),-33.851573,151.2286,0.77,,
"123",Track 02 Aug 2025 14-54-26 (1).rctrk,Track 02 Aug 2025 14-54-26 (1),-33.857901,151.211285,1.16,,
"125",Track 02 Aug 2025 14-54-26 (1).rctrk,Track 02 Aug 2025 14-54-26 (1),-33.863113,151.199658,0.8,,
"126",Track 02 Aug 2025 14-54-26 (1).rctrk,Track 02 Aug 2025 14-54-26 (1),-33.852939,151.223055,0.86,,
"127",Track 02 Aug 2025 14-54-26 (1).rctrk,Track 02 Aug 2025 14-54-26 (1),-33.848457,151.236571,0.97,,
"129",Track 02 Aug 2025 14-54-26 (1).rctrk,Track 02 Aug 2025 14-54-26 (1),-33.857094,151.19883,0.74,,
"130",Track 02 Aug 2025 14-54-26 (1).rctrk,Track 02 Aug 2025 14-54-26 (1),-33.854004,151.213973,0.92,,
"131",Track 02 Aug 2025 14-54-26 (1).rctrk,Track 02 Aug 2025 14-54-26 (1),-33.852701,151.206695,0.68,,
"132",Track 02 Aug 2025 14-54-26 (1).rctrk,Track 02 Aug 2025 14-54-26 (1),-33.85439,151.212755,0.96,,
"135",Track 02 Aug 2025 14-54-26 (1).rctrk,Track 02 Aug 2025 14-54-26 (1),-33.851691,151.224711,0.89,,
"137",Track 02 Aug 2025 14-54-26 (1).rctrk,Track 02 Aug 2025 14-54-26 (1),-33.848985,151.235271,0.84,,
"138",Track 02 Aug 2025 14-54-26 (1).rctrk,Track 02 Aug 2025 14-54-26 (1),-33.855756,151.211243,0.89,,
"139",Track 02 Aug 2025 14-54-26 (1).rctrk,Track 02 Aug 2025 14-54-26 (1),-33.851867,151.226601,0.8,,
"140",Track 02 Aug 2025 14-54-26 (1).rctrk,Track 02 Aug 2025 14-54-26 (1),-33.853606,151.220438,0.87,,
"141",Track 02 Aug 2025 14-54-26 (1).rctrk,Track 02 Aug 2025 14-54-26 (1),-33.852707,151.207206,0.69,,
"143",Track 02 Aug 2025 14-54-26 (1).rctrk,Track 02 Aug 2025 14-54-26 (1),-33.860235,151.25206,0.43,,
"144",Track 02 Aug 2025 14-54-26 (1).rctrk,Track 02 Aug 2025 14-54-26 (1),-33.855292,151.211188,0.86,,
"145",Track 02 Aug 2025 14-54-26 (1).rctrk,Track 02 Aug 2025 14-54-26 (1),-33.852663,151.223784,0.86,,
"146",Track 02 Aug 2025 14-54-26 (1).rctrk,Track 02 Aug 2025 14-54-26 (1),-33.854204,151.223399,0.5,,
"148",Track 02 Aug 2025 14-54-26 (1).rctrk,Track 02 Aug 2025 14-54-26 (1),-33.854611,151.217664,1,,
"151",Track 02 Aug 2025 14-54-26 (1).rctrk,Track 02 Aug 2025 14-54-26 (1),-33.853478,151.209957,0.77,,
"152",Track 02 Aug 2025 14-54-26 (1).rctrk,Track 02 Aug 2025 14-54-26 (1),-33.860737,151.254572,0.42,,
"153",Track 02 Aug 2025 14-54-26 (1).rctrk,Track 02 Aug 2025 14-54-26 (1),-33.854759,151.215248,1,,
"154",Track 02 Aug 2025 14-54-26 (1).rctrk,Track 02 Aug 2025 14-54-26 (1),-33.852984,151.208837,0.77,,
"155",Track 02 Aug 2025 14-54-26 (1).rctrk,Track 02 Aug 2025 14-54-26 (1),-33.854545,151.221763,0.52,,
"156",Track 02 Aug 2025 14-54-26 (1).rctrk,Track 02 Aug 2025 14-54-26 (1),-33.855232,151.241585,0.5,,
"157",Track 02 Aug 2025 14-54-26 (1).rctrk,Track 02 Aug 2025 14-54-26 (1),-33.853175,151.222793,0.49,,
"158",Track 02 Aug 2025 14-54-26 (1).rctrk,Track 02 Aug 2025 14-54-26 (1),-33.853403,151.209823,0.77,,
"159",Track 02 Aug 2025 14-54-26 (1).rctrk,Track 02 Aug 2025 14-54-26 (1),-33.854577,151.21921,0.52,,
"160",Track 02 Aug 2025 14-54-26 (1).rctrk,Track 02 Aug 2025 14-54-26 (1),-33.858539,151.211418,1.09,,
"161",Track 02 Aug 2025 14-54-26 (1).rctrk,Track 02 Aug 2025 14-54-26 (1),-33.854202,151.219523,0.98,,
"164",Track 02 Aug 2025 14-54-26 (1).rctrk,Track 02 Aug 2025 14-54-26 (1),-33.859109,151.212255,0.82,,
"166",Track 02 Aug 2025 14-54-26 (1).rctrk,Track 02 Aug 2025 14-54-26 (1),-33.856527,151.246536,0.53,,
"167",Track 02 Aug 2025 14-54-26 (1).rctrk,Track 02 Aug 2025 14-54-26 (1),-33.862443,151.199382,0.78,,
"169",Track 02 Aug 2025 14-54-26 (1).rctrk,Track 02 Aug 2025 14-54-26 (1),-33.849818,151.231108,0.89,,
"170",Track 02 Aug 2025 14-54-26 (1).rctrk,Track 02 Aug 2025 14-54-26 (1),-33.849916,151.230175,0.93,,
"171",Track 02 Aug 2025 14-54-26 (1).rctrk,Track 02 Aug 2025 14-54-26 (1),-33.860684,151.254323,0.43,,
"173",Track 02 Aug 2025 14-54-26 (1).rctrk,Track 02 Aug 2025 14-54-26 (1),-33.850391,151.227975,0.89,,
"174",Track 02 Aug 2025 14-54-26 (1).rctrk,Track 02 Aug 2025 14-54-26 (1),-33.85327,151.22996,0.5,,
"175",Track 02 Aug 2025 14-54-26 (1).rctrk,Track 02 Aug 2025 14-54-26 (1),-33.854595,151.219815,0.51,,
"176",Track 02 Aug 2025 14-54-26 (1).rctrk,Track 02 Aug 2025 14-54-26 (1),-33.850756,151.227007,0.93,,
"178",Track 02 Aug 2025 14-54-26 (1).rctrk,Track 02 Aug 2025 14-54-26 (1),-33.853803,151.216559,0.9,,
"179",Track 02 Aug 2025 14-54-26 (1).rctrk,Track 02 Aug 2025 14-54-26 (1),-33.851682,151.227974,0.73,,
"181",Track 02 Aug 2025 14-54-26 (1).rctrk,Track 02 Aug 2025 14-54-26 (1),-33.856722,151.198928,0.71,,
"182",Track 02 Aug 2025 14-54-26 (1).rctrk,Track 02 Aug 2025 14-54-26 (1),-33.859892,151.250029,0.44,,
"183",Track 02 Aug 2025 14-54-26 (1).rctrk,Track 02 Aug 2025 14-54-26 (1),-33.852581,151.224036,0.86,,
"185",Track 02 Aug 2025 14-54-26 (1).rctrk,Track 02 Aug 2025 14-54-26 (1),-33.860794,151.254819,0.41,,
"186",Track 02 Aug 2025 14-54-26 (1).rctrk,Track 02 Aug 2025 14-54-26 (1),-33.849318,151.234918,0.82,,
"187",Track 02 Aug 2025 14-54-26 (1).rctrk,Track 02 Aug 2025 14-54-26 (1),-33.854447,151.212643,0.96,,
"189",Track 02 Aug 2025 14-54-26 (1).rctrk,Track 02 Aug 2025 14-54-26 (1),-33.856789,151.235093,0.48,,
"191",Track 02 Aug 2025 14-54-26 (1).rctrk,Track 02 Aug 2025 14-54-26 (1),-33.853146,151.209284,0.76,,
"193",Track 02 Aug 2025 14-54-26 (1).rctrk,Track 02 Aug 2025 14-54-26 (1),-33.85579,151.199262,0.71,,
"195",Track 02 Aug 2025 14-54-26 (1).rctrk,Track 02 Aug 2025 14-54-26 (1),-33.85047,151.233224,0.78,,
"201",Track 02 Aug 2025 14-54-26 (1).rctrk,Track 02 Aug 2025 14-54-26 (1),-33.853895,151.234252,0.47,,
"203",Track 02 Aug 2025 14-54-26 (1).rctrk,Track 02 Aug 2025 14-54-26 (1),-33.853224,151.228252,0.51,,
"205",Track 02 Aug 2025 14-54-26 (1).rctrk,Track 02 Aug 2025 14-54-26 (1),-33.852818,151.208052,0.72,,
"206",Track 02 Aug 2025 14-54-26 (1).rctrk,Track 02 Aug 2025 14-54-26 (1),-33.853269,151.209572,0.77,,
"207",Track 02 Aug 2025 14-54-26 (1).rctrk,Track 02 Aug 2025 14-54-26 (1),-33.857436,151.212844,0.75,,
"212",Track 02 Aug 2025 14-54-26 (1).rctrk,Track 02 Aug 2025 14-54-26 (1),-33.846423,151.237608,0.89,,
"215",Track 02 Aug 2025 14-54-26 (1).rctrk,Track 02 Aug 2025 14-54-26 (1),-33.863725,151.199922,0.83,,
"217",Track 02 Aug 2025 14-54-26 (1).rctrk,Track 02 Aug 2025 14-54-26 (1),-33.851158,151.226056,0.91,,
"219",Track 02 Aug 2025 14-54-26 (1).rctrk,Track 02 Aug 2025 14-54-26 (1),-33.859643,151.211048,1.15,,
"220",Track 02 Aug 2025 14-54-26 (1).rctrk,Track 02 Aug 2025 14-54-26 (1),-33.85155,151.225072,0.91,,
"223",Track 02 Aug 2025 14-54-26 (1).rctrk,Track 02 Aug 2025 14-54-26 (1),-33.860195,151.198862,0.77,,
"224",Track 02 Aug 2025 14-54-26 (1).rctrk,Track 02 Aug 2025 14-54-26 (1),-33.854472,151.2002,0.7,,
"225",Track 02 Aug 2025 14-54-26 (1).rctrk,Track 02 Aug 2025 14-54-26 (1),-33.85789,151.21276,0.98,,
"227",Track 02 Aug 2025 14-54-26 (1).rctrk,Track 02 Aug 2025 14-54-26 (1),-33.85383,151.214997,0.91,,
"228",Track 02 Aug 2025 14-54-26 (1).rctrk,Track 02 Aug 2025 14-54-26 (1),-33.856368,151.245998,0.53,,
"230",Track 02 Aug 2025 14-54-26 (1).rctrk,Track 02 Aug 2025 14-54-26 (1),-33.857485,151.239398,0.48,,
"231",Track 02 Aug 2025 14-54-26 (1).rctrk,Track 02 Aug 2025 14-54-26 (1),-33.860086,151.251316,0.43,,
"233",Track 02 Aug 2025 14-54-26 (1).rctrk,Track 02 Aug 2025 14-54-26 (1),-33.853623,151.221414,0.92,,
"234",Track 02 Aug 2025 14-54-26 (1).rctrk,Track 02 Aug 2025 14-54-26 (1),-33.847574,151.236574,0.87,,
"235",Track 02 Aug 2025 14-54-26 (1).rctrk,Track 02 Aug 2025 14-54-26 (1),-33.85621,151.229884,0.48,,
"240",Track 02 Aug 2025 14-54-26 (1).rctrk,Track 02 Aug 2025 14-54-26 (1),-33.851376,151.22984,0.81,,
"241",Track 02 Aug 2025 14-54-26 (1).rctrk,Track 02 Aug 2025 14-54-26 (1),-33.852793,151.223409,0.86,,
"242",Track 02 Aug 2025 14-54-26 (1).rctrk,Track 02 Aug 2025 14-54-26 (1),-33.853983,151.220785,0.49,,
"244",Track 02 Aug 2025 14-54-26 (1).rctrk,Track 02 Aug 2025 14-54-26 (1),-33.853005,151.22328,0.5,,
"245",Track 02 Aug 2025 14-54-26 (1).rctrk,Track 02 Aug 2025 14-54-26 (1),-33.848728,151.235521,0.85,,
"247",Track 02 Aug 2025 14-54-26 (1).rctrk,Track 02 Aug 2025 14-54-26 (1),-33.855157,151.216825,0.57,,
"248",Track 02 Aug 2025 14-54-26 (1).rctrk,Track 02 Aug 2025 14-54-26 (1),-33.853762,151.219671,0.86,,
"249",Track 02 Aug 2025 14-54-26 (1).rctrk,Track 02 Aug 2025 14-54-26 (1),-33.849069,151.235187,0.83,,
"250",Track 02 Aug 2025 14-54-26 (1).rctrk,Track 02 Aug 2025 14-54-26 (1),-33.855749,151.211417,0.98,,
"251",Track 02 Aug 2025 14-54-26 (1).rctrk,Track 02 Aug 2025 14-54-26 (1),-33.848863,151.23546,0.97,,
"252",Track 02 Aug 2025 14-54-26 (1).rctrk,Track 02 Aug 2025 14-54-26 (1),-33.85605,151.211404,1.01,,
"253",Track 02 Aug 2025 14-54-26 (1).rctrk,Track 02 Aug 2025 14-54-26 (1),-33.856198,151.22961,0.48,,
"259",Track 02 Aug 2025 14-54-26 (1).rctrk,Track 02 Aug 2025 14-54-26 (1),-33.859998,151.255882,0.52,,
"260",Track 02 Aug 2025 14-54-26 (1).rctrk,Track 02 Aug 2025 14-54-26 (1),-33.848198,151.236013,0.85,,
"262",Track 02 Aug 2025 14-54-26 (1).rctrk,Track 02 Aug 2025 14-54-26 (1),-33.854473,151.218413,0.99,,
"263",Track 02 Aug 2025 14-54-26 (1).rctrk,Track 02 Aug 2025 14-54-26 (1),-33.853978,151.23482,0.47,,
"267",Track 02 Aug 2025 14-54-26 (1).rctrk,Track 02 Aug 2025 14-54-26 (1),-33.854776,151.215761,1.02,,
"269",Track 02 Aug 2025 14-54-26 (1).rctrk,Track 02 Aug 2025 14-54-26 (1),-33.859483,151.211068,1.15,,
"270",Track 02 Aug 2025 14-54-26 (1).rctrk,Track 02 Aug 2025 14-54-26 (1),-33.852,151.225979,0.84,,
"271",Track 02 Aug 2025 14-54-26 (1).rctrk,Track 02 Aug 2025 14-54-26 (1),-33.850967,151.231824,0.82,,
"275",Track 02 Aug 2025 14-54-26 (1).rctrk,Track 02 Aug 2025 14-54-26 (1),-33.85694,151.247883,0.52,,
"276",Track 02 Aug 2025 14-54-26 (1).rctrk,Track 02 Aug 2025 14-54-26 (1),-33.854615,151.221204,0.51,,
"277",Track 02 Aug 2025 14-54-26 (1).rctrk,Track 02 Aug 2025 14-54-26 (1),-33.859434,151.248067,0.45,,
"278",Track 02 Aug 2025 14-54-26 (1).rctrk,Track 02 Aug 2025 14-54-26 (1),-33.851097,151.229013,0.52,,
"279",Track 02 Aug 2025 14-54-26 (1).rctrk,Track 02 Aug 2025 14-54-26 (1),-33.850795,151.232418,0.79,,
"280",Track 02 Aug 2025 14-54-26 (1).rctrk,Track 02 Aug 2025 14-54-26 (1),-33.848605,151.236211,0.97,,
"282",Track 02 Aug 2025 14-54-26 (1).rctrk,Track 02 Aug 2025 14-54-26 (1),-33.855062,151.240746,0.5,,
"284",Track 02 Aug 2025 14-54-26 (1).rctrk,Track 02 Aug 2025 14-54-26 (1),-33.855913,151.212527,1.12,,
"285",Track 02 Aug 2025 14-54-26 (1).rctrk,Track 02 Aug 2025 14-54-26 (1),-33.84864,151.235603,0.86,,
"287",Track 02 Aug 2025 14-54-26 (1).rctrk,Track 02 Aug 2025 14-54-26 (1),-33.852264,151.223599,0.9,,
"288",Track 02 Aug 2025 14-54-26 (1).rctrk,Track 02 Aug 2025 14-54-26 (1),-33.856823,151.21133,1.08,,
"289",Track 02 Aug 2025 14-54-26 (1).rctrk,Track 02 Aug 2025 14-54-26 (1),-33.853984,151.214095,0.91,,
"290",Track 02 Aug 2025 14-54-26 (1).rctrk,Track 02 Aug 2025 14-54-26 (1),-33.854223,151.214165,0.55,,
"291",Track 02 Aug 2025 14-54-26 (1).rctrk,Track 02 Aug 2025 14-54-26 (1),-33.854412,151.216747,0.59,,
"301",Track 02 Aug 2025 14-54-26 (1).rctrk,Track 02 Aug 2025 14-54-26 (1),-33.854695,151.213388,0.57,,
"303",Track 02 Aug 2025 14-54-26 (1).rctrk,Track 02 Aug 2025 14-54-26 (1),-33.851557,151.228724,0.76,,
"305",Track 02 Aug 2025 14-54-26 (1).rctrk,Track 02 Aug 2025 14-54-26 (1),-33.854789,151.218251,0.56,,
"308",Track 02 Aug 2025 14-54-26 (1).rctrk,Track 02 Aug 2025 14-54-26 (1),-33.859959,151.250558,0.44,,
"309",Track 02 Aug 2025 14-54-26 (1).rctrk,Track 02 Aug 2025 14-54-26 (1),-33.851283,151.230334,0.82,,
"310",Track 02 Aug 2025 14-54-26 (1).rctrk,Track 02 Aug 2025 14-54-26 (1),-33.855741,151.212628,0.59,,
"314",Track 02 Aug 2025 14-54-26 (1).rctrk,Track 02 Aug 2025 14-54-26 (1),-33.855472,151.220722,0.54,,
"315",Track 02 Aug 2025 14-54-26 (1).rctrk,Track 02 Aug 2025 14-54-26 (1),-33.850352,151.233453,0.78,,
"316",Track 02 Aug 2025 14-54-26 (1).rctrk,Track 02 Aug 2025 14-54-26 (1),-33.854167,151.220302,0.51,,
"317",Track 02 Aug 2025 14-54-26 (1).rctrk,Track 02 Aug 2025 14-54-26 (1),-33.860304,151.256665,0.52,,
"319",Track 02 Aug 2025 14-54-26 (1).rctrk,Track 02 Aug 2025 14-54-26 (1),-33.852512,151.224274,0.86,,
"320",Track 02 Aug 2025 14-54-26 (1).rctrk,Track 02 Aug 2025 14-54-26 (1),-33.850937,151.226526,0.9,,
"321",Track 02 Aug 2025 14-54-26 (1).rctrk,Track 02 Aug 2025 14-54-26 (1),-33.85775,151.24999,0.52,,
"322",Track 02 Aug 2025 14-54-26 (1).rctrk,Track 02 Aug 2025 14-54-26 (1),-33.851488,151.229208,0.79,,
"323",Track 02 Aug 2025 14-54-26 (1).rctrk,Track 02 Aug 2025 14-54-26 (1),-33.853845,151.219134,0.84,,
"324",Track 02 Aug 2025 14-54-26 (1).rctrk,Track 02 Aug 2025 14-54-26 (1),-33.859498,151.248315,0.44,,
"327",Track 02 Aug 2025 14-54-26 (1).rctrk,Track 02 Aug 2025 14-54-26 (1),-33.853035,151.208985,0.76,,
"328",Track 02 Aug 2025 14-54-26 (1).rctrk,Track 02 Aug 2025 14-54-26 (1),-33.854739,151.216655,1.04,,
"331",Track 02 Aug 2025 14-54-26 (1).rctrk,Track 02 Aug 2025 14-54-26 (1),-33.854286,151.214025,0.55,,
"333",Track 02 Aug 2025 14-54-26 (1).rctrk,Track 02 Aug 2025 14-54-26 (1),-33.854204,151.213234,0.95,,
"334",Track 02 Aug 2025 14-54-26 (1).rctrk,Track 02 Aug 2025 14-54-26 (1),-33.855933,151.213678,0.8,,
"338",Track 02 Aug 2025 14-54-26 (1).rctrk,Track 02 Aug 2025 14-54-26 (1),-33.860135,151.251561,0.43,,
"339",Track 02 Aug 2025 14-54-26 (1).rctrk,Track 02 Aug 2025 14-54-26 (1),-33.851849,151.226636,0.52,,
"341",Track 02 Aug 2025 14-54-26 (1).rctrk,Track 02 Aug 2025 14-54-26 (1),-33.848738,151.235849,0.97,,
"342",Track 02 Aug 2025 14-54-26 (1).rctrk,Track 02 Aug 2025 14-54-26 (1),-33.859897,151.255618,0.52,,
"343",Track 02 Aug 2025 14-54-26 (1).rctrk,Track 02 Aug 2025 14-54-26 (1),-33.855932,151.211258,0.91,,
"345",Track 02 Aug 2025 14-54-26 (1).rctrk,Track 02 Aug 2025 14-54-26 (1),-33.850301,151.231509,0.61,,
"347",Track 02 Aug 2025 14-54-26 (1).rctrk,Track 02 Aug 2025 14-54-26 (1),-33.849012,151.23495,0.98,,
"348",Track 02 Aug 2025 14-54-26 (1).rctrk,Track 02 Aug 2025 14-54-26 (1),-33.855177,151.213276,1.07,,
"349",Track 02 Aug 2025 14-54-26 (1).rctrk,Track 02 Aug 2025 14-54-26 (1),-33.85968,151.249033,0.44,,
"350",Track 02 Aug 2025 14-54-26 (1).rctrk,Track 02 Aug 2025 14-54-26 (1),-33.846999,151.233774,0.82,,
"351",Track 02 Aug 2025 14-54-26 (1).rctrk,Track 02 Aug 2025 14-54-26 (1),-33.84584,151.233559,0.87,,
"355",Track 02 Aug 2025 14-54-26 (1).rctrk,Track 02 Aug 2025 14-54-26 (1),-33.853739,151.219799,0.86,,
"358",Track 02 Aug 2025 14-54-26 (1).rctrk,Track 02 Aug 2025 14-54-26 (1),-33.853847,151.216815,0.9,,
"360",Track 02 Aug 2025 14-54-26 (1).rctrk,Track 02 Aug 2025 14-54-26 (1),-33.858995,151.246582,0.44,,
"361",Track 02 Aug 2025 14-54-26 (1).rctrk,Track 02 Aug 2025 14-54-26 (1),-33.860407,151.256916,0.52,,
"362",Track 02 Aug 2025 14-54-26 (1).rctrk,Track 02 Aug 2025 14-54-26 (1),-33.850756,151.232536,0.78,,
"363",Track 02 Aug 2025 14-54-26 (1).rctrk,Track 02 Aug 2025 14-54-26 (1),-33.857749,151.211286,1.14,,
"364",Track 02 Aug 2025 14-54-26 (1).rctrk,Track 02 Aug 2025 14-54-26 (1),-33.850795,151.226889,0.91,,
"366",Track 02 Aug 2025 14-54-26 (1).rctrk,Track 02 Aug 2025 14-54-26 (1),-33.854112,151.210774,0.79,,
"369",Track 02 Aug 2025 14-54-26 (1).rctrk,Track 02 Aug 2025 14-54-26 (1),-33.857592,151.211288,1.12,,
"370",Track 02 Aug 2025 14-54-26 (1).rctrk,Track 02 Aug 2025 14-54-26 (1),-33.854647,151.217794,0.56,,
"371",Track 02 Aug 2025 14-54-26 (1).rctrk,Track 02 Aug 2025 14-54-26 (1),-33.857287,151.198792,0.75,,
"372",Track 02 Aug 2025 14-54-26 (1).rctrk,Track 02 Aug 2025 14-54-26 (1),-33.854952,151.240185,0.51,,
"373",Track 02 Aug 2025 14-54-26 (1).rctrk,Track 02 Aug 2025 14-54-26 (1),-33.853765,151.23339,0.47,,
"377",Track 02 Aug 2025 14-54-26 (1).rctrk,Track 02 Aug 2025 14-54-26 (1),-33.848143,151.237097,0.97,,
"382",Track 02 Aug 2025 14-54-26 (1).rctrk,Track 02 Aug 2025 14-54-26 (1),-33.855867,151.212575,0.59,,
"386",Track 02 Aug 2025 14-54-26 (1).rctrk,Track 02 Aug 2025 14-54-26 (1),-33.854364,151.218904,0.99,,
"388",Track 02 Aug 2025 14-54-26 (1).rctrk,Track 02 Aug 2025 14-54-26 (1),-33.853233,151.229401,0.51,,
"391",Track 02 Aug 2025 14-54-26 (1).rctrk,Track 02 Aug 2025 14-54-26 (1),-33.849238,151.235014,0.82,,
"392",Track 02 Aug 2025 14-54-26 (1).rctrk,Track 02 Aug 2025 14-54-26 (1),-33.853457,151.231393,0.47,,
"393",Track 02 Aug 2025 14-54-26 (1).rctrk,Track 02 Aug 2025 14-54-26 (1),-33.853931,151.214357,0.89,,
"397",Track 02 Aug 2025 14-54-26 (1).rctrk,Track 02 Aug 2025 14-54-26 (1),-33.858473,151.251572,0.51,,
"400",Track 02 Aug 2025 14-54-26 (1).rctrk,Track 02 Aug 2025 14-54-26 (1),-33.856597,151.213134,0.7,,
"402",Track 02 Aug 2025 14-54-26 (1).rctrk,Track 02 Aug 2025 14-54-26 (1),-33.863288,151.199769,0.8,,
"403",Track 02 Aug 2025 14-54-26 (1).rctrk,Track 02 Aug 2025 14-54-26 (1),-33.854766,151.199915,0.72,,
"404",Track 02 Aug 2025 14-54-26 (1).rctrk,Track 02 Aug 2025 14-54-26 (1),-33.854037,151.217068,0.5,,
"405",Track 02 Aug 2025 14-54-26 (1).rctrk,Track 02 Aug 2025 14-54-26 (1),-33.854615,151.219104,0.52,,
"407",Track 02 Aug 2025 14-54-26 (1).rctrk,Track 02 Aug 2025 14-54-26 (1),-33.853933,151.234536,0.47,,
"408",Track 02 Aug 2025 14-54-26 (1).rctrk,Track 02 Aug 2025 14-54-26 (1),-33.858357,151.251308,0.5,,
"410",Track 02 Aug 2025 14-54-26 (1).rctrk,Track 02 Aug 2025 14-54-26 (1),-33.854711,151.218784,0.52,,
"413",Track 02 Aug 2025 14-54-26 (1).rctrk,Track 02 Aug 2025 14-54-26 (1),-33.859491,151.210784,1.46,,
"414",Track 02 Aug 2025 14-54-26 (1).rctrk,Track 02 Aug 2025 14-54-26 (1),-33.846736,151.238984,0.99,,
"415",Track 02 Aug 2025 14-54-26 (1).rctrk,Track 02 Aug 2025 14-54-26 (1),-33.854802,151.212072,0.97,,
"417",Track 02 Aug 2025 14-54-26 (1).rctrk,Track 02 Aug 2025 14-54-26 (1),-33.854775,151.214351,1.01,,
"419",Track 02 Aug 2025 14-54-26 (1).rctrk,Track 02 Aug 2025 14-54-26 (1),-33.857858,151.250246,0.54,,
"420",Track 02 Aug 2025 14-54-26 (1).rctrk,Track 02 Aug 2025 14-54-26 (1),-33.854068,151.223932,0.5,,
"421",Track 02 Aug 2025 14-54-26 (1).rctrk,Track 02 Aug 2025 14-54-26 (1),-33.856371,151.213398,0.83,,
"422",Track 02 Aug 2025 14-54-26 (1).rctrk,Track 02 Aug 2025 14-54-26 (1),-33.858262,151.198688,0.75,,
"423",Track 02 Aug 2025 14-54-26 (1).rctrk,Track 02 Aug 2025 14-54-26 (1),-33.848281,151.235928,0.85,,
"424",Track 02 Aug 2025 14-54-26 (1).rctrk,Track 02 Aug 2025 14-54-26 (1),-33.848902,151.235335,0.99,,
"425",Track 02 Aug 2025 14-54-26 (1).rctrk,Track 02 Aug 2025 14-54-26 (1),-33.857569,151.239902,0.47,,
"428",Track 02 Aug 2025 14-54-26 (1).rctrk,Track 02 Aug 2025 14-54-26 (1),-33.859376,151.212074,0.95,,
"430",Track 02 Aug 2025 14-54-26 (1).rctrk,Track 02 Aug 2025 14-54-26 (1),-33.850673,151.230358,0.55,,
"432",Track 02 Aug 2025 14-54-26 (1).rctrk,Track 02 Aug 2025 14-54-26 (1),-33.852017,151.224034,0.9,,
"433",Track 02 Aug 2025 14-54-26 (1).rctrk,Track 02 Aug 2025 14-54-26 (1),-33.854154,151.217594,0.5,,
"434",Track 02 Aug 2025 14-54-26 (1).rctrk,Track 02 Aug 2025 14-54-26 (1),-33.85517,151.241314,0.51,,
"438",Track 02 Aug 2025 14-54-26 (1).rctrk,Track 02 Aug 2025 14-54-26 (1),-33.854239,151.2194,0.98,,
"440",Track 02 Aug 2025 14-54-26 (1).rctrk,Track 02 Aug 2025 14-54-26 (1),-33.853433,151.201823,0.7,,
"442",Track 02 Aug 2025 14-54-26 (1).rctrk,Track 02 Aug 2025 14-54-26 (1),-33.857608,151.240155,0.46,,
"443",Track 02 Aug 2025 14-54-26 (1).rctrk,Track 02 Aug 2025 14-54-26 (1),-33.858043,151.211288,1.19,,
"447",Track 02 Aug 2025 14-54-26 (1).rctrk,Track 02 Aug 2025 14-54-26 (1),-33.847087,151.233795,0.81,,
"448",Track 02 Aug 2025 14-54-26 (1).rctrk,Track 02 Aug 2025 14-54-26 (1),-33.847464,151.238151,1.02,,
"449",Track 02 Aug 2025 14-54-26 (1).rctrk,Track 02 Aug 2025 14-54-26 (1),-33.856643,151.212203,1.09,,
"450",Track 02 Aug 2025 14-54-26 (1).rctrk,Track 02 Aug 2025 14-54-26 (1),-33.857951,151.211024,1.13,,
"452",Track 02 Aug 2025 14-54-26 (1).rctrk,Track 02 Aug 2025 14-54-26 (1),-33.856125,151.223768,0.52,,
"458",Track 02 Aug 2025 14-54-26 (1).rctrk,Track 02 Aug 2025 14-54-26 (1),-33.853154,151.222591,0.89,,
"459",Track 02 Aug 2025 14-54-26 (1).rctrk,Track 02 Aug 2025 14-54-26 (1),-33.85387,151.219006,0.83,,
"460",Track 02 Aug 2025 14-54-26 (1).rctrk,Track 02 Aug 2025 14-54-26 (1),-33.858415,151.244344,0.45,,
"461",Track 02 Aug 2025 14-54-26 (1).rctrk,Track 02 Aug 2025 14-54-26 (1),-33.856214,151.245452,0.52,,
"462",Track 02 Aug 2025 14-54-26 (1).rctrk,Track 02 Aug 2025 14-54-26 (1),-33.854112,151.235641,0.49,,
"463",Track 02 Aug 2025 14-54-26 (1).rctrk,Track 02 Aug 2025 14-54-26 (1),-33.847197,151.236874,0.87,,
"465",Track 02 Aug 2025 14-54-26 (1).rctrk,Track 02 Aug 2025 14-54-26 (1),-33.857068,151.236877,0.47,,
"467",Track 02 Aug 2025 14-54-26 (1).rctrk,Track 02 Aug 2025 14-54-26 (1),-33.852339,151.224888,0.85,,
"468",Track 02 Aug 2025 14-54-26 (1).rctrk,Track 02 Aug 2025 14-54-26 (1),-33.85523,151.212898,0.59,,
"469",Track 02 Aug 2025 14-54-26 (1).rctrk,Track 02 Aug 2025 14-54-26 (1),-33.857145,151.237383,0.48,,
"470",Track 02 Aug 2025 14-54-26 (1).rctrk,Track 02 Aug 2025 14-54-26 (1),-33.856207,151.213472,0.8,,
"474",Track 02 Aug 2025 14-54-26 (1).rctrk,Track 02 Aug 2025 14-54-26 (1),-33.854169,151.213356,0.94,,
"475",Track 02 Aug 2025 14-54-26 (1).rctrk,Track 02 Aug 2025 14-54-26 (1),-33.855662,151.221473,0.54,,
"477",Track 02 Aug 2025 14-54-26 (1).rctrk,Track 02 Aug 2025 14-54-26 (1),-33.848345,151.236791,0.98,,
"478",Track 02 Aug 2025 14-54-26 (1).rctrk,Track 02 Aug 2025 14-54-26 (1),-33.851735,151.227596,0.76,,
"479",Track 02 Aug 2025 14-54-26 (1).rctrk,Track 02 Aug 2025 14-54-26 (1),-33.854236,151.210861,0.8,,
"482",Track 02 Aug 2025 14-54-26 (1).rctrk,Track 02 Aug 2025 14-54-26 (1),-33.859998,151.198832,0.77,,
"483",Track 02 Aug 2025 14-54-26 (1).rctrk,Track 02 Aug 2025 14-54-26 (1),-33.851069,151.231455,0.81,,
"484",Track 02 Aug 2025 14-54-26 (1).rctrk,Track 02 Aug 2025 14-54-26 (1),-33.85619,151.229342,0.48,,
"486",Track 02 Aug 2025 14-54-26 (1).rctrk,Track 02 Aug 2025 14-54-26 (1),-33.855391,151.211538,0.98,,
"487",Track 02 Aug 2025 14-54-26 (1).rctrk,Track 02 Aug 2025 14-54-26 (1),-33.855828,151.222231,0.54,,
"489",Track 02 Aug 2025 14-54-26 (1).rctrk,Track 02 Aug 2025 14-54-26 (1),-33.854877,151.21198,0.96,,
"491",Track 02 Aug 2025 14-54-26 (1).rctrk,Track 02 Aug 2025 14-54-26 (1),-33.853212,151.222473,0.9,,
"494",Track 02 Aug 2025 14-54-26 (1).rctrk,Track 02 Aug 2025 14-54-26 (1),-33.851814,151.226736,0.52,,
"497",Track 02 Aug 2025 14-54-26 (1).rctrk,Track 02 Aug 2025 14-54-26 (1),-33.852759,151.222711,0.89,,
"500",Track 02 Aug 2025 14-54-26 (1).rctrk,Track 02 Aug 2025 14-54-26 (1),-33.854035,151.217699,0.9,,
"502",Track 02 Aug 2025 14-54-26 (1).rctrk,Track 02 Aug 2025 14-54-26 (1),-33.856339,151.232019,0.5,,
"503",Track 02 Aug 2025 14-54-26 (1).rctrk,Track 02 Aug 2025 14-54-26 (1),-33.85753,151.212819,0.73,,
"507",Track 02 Aug 2025 14-54-26 (1).rctrk,Track 02 Aug 2025 14-54-26 (1),-33.852417,151.224645,0.85,,
"508",Track 02 Aug 2025 14-54-26 (1).rctrk,Track 02 Aug 2025 14-54-26 (1),-33.859619,151.198774,0.75,,
"511",Track 02 Aug 2025 14-54-26 (1).rctrk,Track 02 Aug 2025 14-54-26 (1),-33.852725,151.206016,0.67,,
"512",Track 02 Aug 2025 14-54-26 (1).rctrk,Track 02 Aug 2025 14-54-26 (1),-33.853943,151.218624,0.85,,
"515",Track 02 Aug 2025 14-54-26 (1).rctrk,Track 02 Aug 2025 14-54-26 (1),-33.849703,151.232154,0.93,,
"516",Track 02 Aug 2025 14-54-26 (1).rctrk,Track 02 Aug 2025 14-54-26 (1),-33.856036,151.22325,0.54,,
"517",Track 02 Aug 2025 14-54-26 (1).rctrk,Track 02 Aug 2025 14-54-26 (1),-33.856355,151.211383,1.02,,
"519",Track 02 Aug 2025 14-54-26 (1).rctrk,Track 02 Aug 2025 14-54-26 (1),-33.86259,151.19943,0.78,,
"520",Track 02 Aug 2025 14-54-26 (1).rctrk,Track 02 Aug 2025 14-54-26 (1),-33.849318,151.233818,0.96,,
"521",Track 02 Aug 2025 14-54-26 (1).rctrk,Track 02 Aug 2025 14-54-26 (1),-33.846,151.238083,0.88,,
"522",Track 02 Aug 2025 14-54-26 (1).rctrk,Track 02 Aug 2025 14-54-26 (1),-33.854729,151.212161,0.97,,
"524",Track 02 Aug 2025 14-54-26 (1).rctrk,Track 02 Aug 2025 14-54-26 (1),-33.858981,151.252936,0.51,,
"525",Track 02 Aug 2025 14-54-26 (1).rctrk,Track 02 Aug 2025 14-54-26 (1),-33.859205,151.212108,0.9,,
"526",Track 02 Aug 2025 14-54-26 (1).rctrk,Track 02 Aug 2025 14-54-26 (1),-33.855425,151.214707,0.75,,
"527",Track 02 Aug 2025 14-54-26 (1).rctrk,Track 02 Aug 2025 14-54-26 (1),-33.855613,151.212684,0.6,,
"529",Track 02 Aug 2025 14-54-26 (1).rctrk,Track 02 Aug 2025 14-54-26 (1),-33.845689,151.233502,0.86,,
"531",Track 02 Aug 2025 14-54-26 (1).rctrk,Track 02 Aug 2025 14-54-26 (1),-33.854751,151.211064,0.84,,
"534",Track 02 Aug 2025 14-54-26 (1).rctrk,Track 02 Aug 2025 14-54-26 (1),-33.853752,151.225253,0.5,,
"537",Track 02 Aug 2025 14-54-26 (1).rctrk,Track 02 Aug 2025 14-54-26 (1),-33.848485,151.23392,0.68,,
"538",Track 02 Aug 2025 14-54-26 (1).rctrk,Track 02 Aug 2025 14-54-26 (1),-33.856994,151.23637,0.47,,
"539",Track 02 Aug 2025 14-54-26 (1).rctrk,Track 02 Aug 2025 14-54-26 (1),-33.853628,151.210236,0.79,,
"541",Track 02 Aug 2025 14-54-26 (1).rctrk,Track 02 Aug 2025 14-54-26 (1),-33.848699,151.235964,0.97,,
"542",Track 02 Aug 2025 14-54-26 (1).rctrk,Track 02 Aug 2025 14-54-26 (1),-33.858278,151.243716,0.46,,
"545",Track 02 Aug 2025 14-54-26 (1).rctrk,Track 02 Aug 2025 14-54-26 (1),-33.85,151.229639,0.91,,
"546",Track 02 Aug 2025 14-54-26 (1).rctrk,Track 02 Aug 2025 14-54-26 (1),-33.860387,151.252812,0.43,,
"547",Track 02 Aug 2025 14-54-26 (1).rctrk,Track 02 Aug 2025 14-54-26 (1),-33.853103,151.222026,0.91,,
"548",Track 02 Aug 2025 14-54-26 (1).rctrk,Track 02 Aug 2025 14-54-26 (1),-33.858965,151.21223,1.08,,
"549",Track 02 Aug 2025 14-54-26 (1).rctrk,Track 02 Aug 2025 14-54-26 (1),-33.853935,151.21719,0.9,,
"551",Track 02 Aug 2025 14-54-26 (1).rctrk,Track 02 Aug 2025 14-54-26 (1),-33.852708,151.223657,0.86,,
"552",Track 02 Aug 2025 14-54-26 (1).rctrk,Track 02 Aug 2025 14-54-26 (1),-33.851053,151.226301,0.92,,
"553",Track 02 Aug 2025 14-54-26 (1).rctrk,Track 02 Aug 2025 14-54-26 (1),-33.856364,151.232279,0.51,,
"555",Track 02 Aug 2025 14-54-26 (1).rctrk,Track 02 Aug 2025 14-54-26 (1),-33.856607,151.246802,0.53,,
"558",Track 02 Aug 2025 14-54-26 (1).rctrk,Track 02 Aug 2025 14-54-26 (1),-33.847104,151.236951,0.88,,
"559",Track 02 Aug 2025 14-54-26 (1).rctrk,Track 02 Aug 2025 14-54-26 (1),-33.851141,151.231071,0.82,,
"560",Track 02 Aug 2025 14-54-26 (1).rctrk,Track 02 Aug 2025 14-54-26 (1),-33.847673,151.236502,0.87,,
"562",Track 02 Aug 2025 14-54-26 (1).rctrk,Track 02 Aug 2025 14-54-26 (1),-33.856046,151.2449,0.52,,
"564",Track 02 Aug 2025 14-54-26 (1).rctrk,Track 02 Aug 2025 14-54-26 (1),-33.849938,151.230039,0.93,,
"565",Track 02 Aug 2025 14-54-26 (1).rctrk,Track 02 Aug 2025 14-54-26 (1),-33.852962,151.203514,0.68,,
"566",Track 02 Aug 2025 14-54-26 (1).rctrk,Track 02 Aug 2025 14-54-26 (1),-33.85629,151.231227,0.49,,
"572",Track 02 Aug 2025 14-54-26 (1).rctrk,Track 02 Aug 2025 14-54-26 (1),-33.855567,151.242982,0.5,,
"573",Track 02 Aug 2025 14-54-26 (1).rctrk,Track 02 Aug 2025 14-54-26 (1),-33.855724,151.213973,0.78,,
"574",Track 02 Aug 2025 14-54-26 (1).rctrk,Track 02 Aug 2025 14-54-26 (1),-33.851257,151.225817,0.9,,
"576",Track 02 Aug 2025 14-54-26 (1).rctrk,Track 02 Aug 2025 14-54-26 (1),-33.854761,151.216277,1.01,,
"580",Track 02 Aug 2025 14-54-26 (1).rctrk,Track 02 Aug 2025 14-54-26 (1),-33.852889,151.20399,0.67,,
"583",Track 02 Aug 2025 14-54-26 (1).rctrk,Track 02 Aug 2025 14-54-26 (1),-33.85525,151.213876,0.63,,
"584",Track 02 Aug 2025 14-54-26 (1).rctrk,Track 02 Aug 2025 14-54-26 (1),-33.85268,151.224167,0.5,,
"585",Track 02 Aug 2025 14-54-26 (1).rctrk,Track 02 Aug 2025 14-54-26 (1),-33.854765,151.214476,1.01,,
"587",Track 02 Aug 2025 14-54-26 (1).rctrk,Track 02 Aug 2025 14-54-26 (1),-33.851119,151.23119,0.82,,
"588",Track 02 Aug 2025 14-54-26 (1).rctrk,Track 02 Aug 2025 14-54-26 (1),-33.857092,151.212959,0.73,,
"589",Track 02 Aug 2025 14-54-26 (1).rctrk,Track 02 Aug 2025 14-54-26 (1),-33.85696,151.212089,1.08,,
"591",Track 02 Aug 2025 14-54-26 (1).rctrk,Track 02 Aug 2025 14-54-26 (1),-33.85455,151.21804,0.98,,
"594",Track 02 Aug 2025 14-54-26 (1).rctrk,Track 02 Aug 2025 14-54-26 (1),-33.85433,151.22286,0.5,,
"595",Track 02 Aug 2025 14-54-26 (1).rctrk,Track 02 Aug 2025 14-54-26 (1),-33.85528,151.215818,0.66,,
"596",Track 02 Aug 2025 14-54-26 (1).rctrk,Track 02 Aug 2025 14-54-26 (1),-33.853369,151.222126,0.89,,
"597",Track 02 Aug 2025 14-54-26 (1).rctrk,Track 02 Aug 2025 14-54-26 (1),-33.859195,151.212222,0.83,,
"598",Track 02 Aug 2025 14-54-26 (1).rctrk,Track 02 Aug 2025 14-54-26 (1),-33.851463,151.227734,0.5,,
"600",Track 02 Aug 2025 14-54-26 (1).rctrk,Track 02 Aug 2025 14-54-26 (1),-33.858099,151.242703,0.46,,
"601",Track 02 Aug 2025 14-54-26 (1).rctrk,Track 02 Aug 2025 14-54-26 (1),-33.854352,151.215684,0.61,,
"602",Track 02 Aug 2025 14-54-26 (1).rctrk,Track 02 Aug 2025 14-54-26 (1),-33.856123,151.245175,0.52,,
"605",Track 02 Aug 2025 14-54-26 (1).rctrk,Track 02 Aug 2025 14-54-26 (1),-33.853211,151.221798,0.91,,
"606",Track 02 Aug 2025 14-54-26 (1).rctrk,Track 02 Aug 2025 14-54-26 (1),-33.856885,151.211173,0.98,,
"612",Track 02 Aug 2025 14-54-26 (1).rctrk,Track 02 Aug 2025 14-54-26 (1),-33.855982,151.212536,0.59,,
"613",Track 02 Aug 2025 14-54-26 (1).rctrk,Track 02 Aug 2025 14-54-26 (1),-33.853959,151.218495,0.87,,
"615",Track 02 Aug 2025 14-54-26 (1).rctrk,Track 02 Aug 2025 14-54-26 (1),-33.85073,151.230167,0.55,,
"616",Track 02 Aug 2025 14-54-26 (1).rctrk,Track 02 Aug 2025 14-54-26 (1),-33.854445,151.218539,0.98,,
"617",Track 02 Aug 2025 14-54-26 (1).rctrk,Track 02 Aug 2025 14-54-26 (1),-33.856187,151.228526,0.48,,
"618",Track 02 Aug 2025 14-54-26 (1).rctrk,Track 02 Aug 2025 14-54-26 (1),-33.860388,151.198884,0.77,,
"619",Track 02 Aug 2025 14-54-26 (1).rctrk,Track 02 Aug 2025 14-54-26 (1),-33.854636,151.220636,0.51,,
"622",Track 02 Aug 2025 14-54-26 (1).rctrk,Track 02 Aug 2025 14-54-26 (1),-33.84901,151.233745,0.64,,
"623",Track 02 Aug 2025 14-54-26 (1).rctrk,Track 02 Aug 2025 14-54-26 (1),-33.853315,151.222244,0.9,,
"624",Track 02 Aug 2025 14-54-26 (1).rctrk,Track 02 Aug 2025 14-54-26 (1),-33.855887,151.222487,0.54,,
"627",Track 02 Aug 2025 14-54-26 (1).rctrk,Track 02 Aug 2025 14-54-26 (1),-33.855305,151.213066,1.07,,
"629",Track 02 Aug 2025 14-54-26 (1).rctrk,Track 02 Aug 2025 14-54-26 (1),-33.853498,151.226325,0.49,,
"630",Track 02 Aug 2025 14-54-26 (1).rctrk,Track 02 Aug 2025 14-54-26 (1),-33.852381,151.224768,0.84,,
"632",Track 02 Aug 2025 14-54-26 (1).rctrk,Track 02 Aug 2025 14-54-26 (1),-33.8562,151.211396,1.01,,
"636",Track 02 Aug 2025 14-54-26 (1).rctrk,Track 02 Aug 2025 14-54-26 (1),-33.854994,151.21777,0.54,,
"637",Track 02 Aug 2025 14-54-26 (1).rctrk,Track 02 Aug 2025 14-54-26 (1),-33.849885,151.230442,0.91,,
"639",Track 02 Aug 2025 14-54-26 (1).rctrk,Track 02 Aug 2025 14-54-26 (1),-33.860473,151.253321,0.43,,
"640",Track 02 Aug 2025 14-54-26 (1).rctrk,Track 02 Aug 2025 14-54-26 (1),-33.851309,151.230207,0.83,,
"641",Track 02 Aug 2025 14-54-26 (1).rctrk,Track 02 Aug 2025 14-54-26 (1),-33.859529,151.25456,0.5,,
"642",Track 02 Aug 2025 14-54-26 (1).rctrk,Track 02 Aug 2025 14-54-26 (1),-33.856231,151.226913,0.5,,
"645",Track 02 Aug 2025 14-54-26 (1).rctrk,Track 02 Aug 2025 14-54-26 (1),-33.850572,151.233005,0.78,,
"646",Track 02 Aug 2025 14-54-26 (1).rctrk,Track 02 Aug 2025 14-54-26 (1),-33.850229,151.231699,0.61,,
"647",Track 02 Aug 2025 14-54-26 (1).rctrk,Track 02 Aug 2025 14-54-26 (1),-33.848653,151.236085,0.97,,
"649",Track 02 Aug 2025 14-54-26 (1).rctrk,Track 02 Aug 2025 14-54-26 (1),-33.856189,151.228801,0.48,,
"650",Track 02 Aug 2025 14-54-26 (1).rctrk,Track 02 Aug 2025 14-54-26 (1),-33.858613,151.212439,0.8,,
"651",Track 02 Aug 2025 14-54-26 (1).rctrk,Track 02 Aug 2025 14-54-26 (1),-33.856584,151.233821,0.49,,
"652",Track 02 Aug 2025 14-54-26 (1).rctrk,Track 02 Aug 2025 14-54-26 (1),-33.851682,151.227126,0.52,,
"653",Track 02 Aug 2025 14-54-26 (1).rctrk,Track 02 Aug 2025 14-54-26 (1),-33.856248,151.225325,0.52,,
"654",Track 02 Aug 2025 14-54-26 (1).rctrk,Track 02 Aug 2025 14-54-26 (1),-33.854507,151.212536,0.96,,
"655",Track 02 Aug 2025 14-54-26 (1).rctrk,Track 02 Aug 2025 14-54-26 (1),-33.853709,151.21037,0.79,,
"657",Track 02 Aug 2025 14-54-26 (1).rctrk,Track 02 Aug 2025 14-54-26 (1),-33.859547,151.211861,1.12,,
"658",Track 02 Aug 2025 14-54-26 (1).rctrk,Track 02 Aug 2025 14-54-26 (1),-33.846066,151.233578,0.86,,
"661",Track 02 Aug 2025 14-54-26 (1).rctrk,Track 02 Aug 2025 14-54-26 (1),-33.859622,151.211801,1.12,,
"662",Track 02 Aug 2025 14-54-26 (1).rctrk,Track 02 Aug 2025 14-54-26 (1),-33.853665,151.220177,0.87,,
"663",Track 02 Aug 2025 14-54-26 (1).rctrk,Track 02 Aug 2025 14-54-26 (1),-33.847389,151.238251,1.01,,
"664",Track 02 Aug 2025 14-54-26 (1).rctrk,Track 02 Aug 2025 14-54-26 (1),-33.852701,151.206532,0.67,,
"665",Track 02 Aug 2025 14-54-26 (1).rctrk,Track 02 Aug 2025 14-54-26 (1),-33.850863,151.232174,0.79,,
"667",Track 02 Aug 2025 14-54-26 (1).rctrk,Track 02 Aug 2025 14-54-26 (1),-33.856105,151.211262,0.93,,
"668",Track 02 Aug 2025 14-54-26 (1).rctrk,Track 02 Aug 2025 14-54-26 (1),-33.85894,151.211159,1.32,,
"670",Track 02 Aug 2025 14-54-26 (1).rctrk,Track 02 Aug 2025 14-54-26 (1),-33.854494,151.210978,0.82,,
"671",Track 02 Aug 2025 14-54-26 (1).rctrk,Track 02 Aug 2025 14-54-26 (1),-33.84971,151.232027,0.92,,
"672",Track 02 Aug 2025 14-54-26 (1).rctrk,Track 02 Aug 2025 14-54-26 (1),-33.859618,151.254824,0.51,,
"673",Track 02 Aug 2025 14-54-26 (1).rctrk,Track 02 Aug 2025 14-54-26 (1),-33.855939,151.222743,0.54,,
"674",Track 02 Aug 2025 14-54-26 (1).rctrk,Track 02 Aug 2025 14-54-26 (1),-33.855704,151.243526,0.51,,
"675",Track 02 Aug 2025 14-54-26 (1).rctrk,Track 02 Aug 2025 14-54-26 (1),-33.854468,151.219522,0.51,,
"676",Track 02 Aug 2025 14-54-26 (1).rctrk,Track 02 Aug 2025 14-54-26 (1),-33.853667,151.221535,0.48,,
"678",Track 02 Aug 2025 14-54-26 (1).rctrk,Track 02 Aug 2025 14-54-26 (1),-33.857529,151.239648,0.47,,
"679",Track 02 Aug 2025 14-54-26 (1).rctrk,Track 02 Aug 2025 14-54-26 (1),-33.854025,151.218109,0.88,,
"681",Track 02 Aug 2025 14-54-26 (1).rctrk,Track 02 Aug 2025 14-54-26 (1),-33.853469,151.220933,0.87,,
"682",Track 02 Aug 2025 14-54-26 (1).rctrk,Track 02 Aug 2025 14-54-26 (1),-33.848215,151.236999,0.97,,
"683",Track 02 Aug 2025 14-54-26 (1).rctrk,Track 02 Aug 2025 14-54-26 (1),-33.851098,151.231324,0.82,,
"684",Track 02 Aug 2025 14-54-26 (1).rctrk,Track 02 Aug 2025 14-54-26 (1),-33.851418,151.229585,0.82,,
"685",Track 02 Aug 2025 14-54-26 (1).rctrk,Track 02 Aug 2025 14-54-26 (1),-33.858328,151.212195,0.76,,
"686",Track 02 Aug 2025 14-54-26 (1).rctrk,Track 02 Aug 2025 14-54-26 (1),-33.857272,151.23813,0.48,,
"687",Track 02 Aug 2025 14-54-26 (1).rctrk,Track 02 Aug 2025 14-54-26 (1),-33.857134,151.211287,1.09,,
"688",Track 02 Aug 2025 14-54-26 (1).rctrk,Track 02 Aug 2025 14-54-26 (1),-33.849399,151.233567,0.96,,
"693",Track 02 Aug 2025 14-54-26 (1).rctrk,Track 02 Aug 2025 14-54-26 (1),-33.856459,151.233059,0.5,,
"694",Track 02 Aug 2025 14-54-26 (1).rctrk,Track 02 Aug 2025 14-54-26 (1),-33.853952,151.220389,0.96,,
"695",Track 02 Aug 2025 14-54-26 (1).rctrk,Track 02 Aug 2025 14-54-26 (1),-33.86135,151.256729,0.4,,
"696",Track 02 Aug 2025 14-54-26 (1).rctrk,Track 02 Aug 2025 14-54-26 (1),-33.855392,151.214904,0.73,,
"698",Track 02 Aug 2025 14-54-26 (1).rctrk,Track 02 Aug 2025 14-54-26 (1),-33.849551,151.234636,0.78,,
"700",Track 02 Aug 2025 14-54-26 (1).rctrk,Track 02 Aug 2025 14-54-26 (1),-33.854434,151.215165,0.62,,
"704",Track 02 Aug 2025 14-54-26 (1).rctrk,Track 02 Aug 2025 14-54-26 (1),-33.850936,151.229598,0.53,,
"707",Track 02 Aug 2025 14-54-26 (1).rctrk,Track 02 Aug 2025 14-54-26 (1),-33.855726,151.212646,1.09,,
"709",Track 02 Aug 2025 14-54-26 (1).rctrk,Track 02 Aug 2025 14-54-26 (1),-33.850293,151.233564,0.79,,
"710",Track 02 Aug 2025 14-54-26 (1).rctrk,Track 02 Aug 2025 14-54-26 (1),-33.856755,151.234822,0.48,,
"712",Track 02 Aug 2025 14-54-26 (1).rctrk,Track 02 Aug 2025 14-54-26 (1),-33.848556,151.236333,0.97,,
"717",Track 02 Aug 2025 14-54-26 (1).rctrk,Track 02 Aug 2025 14-54-26 (1),-33.855213,151.211672,0.98,,
"720",Track 02 Aug 2025 14-54-26 (1).rctrk,Track 02 Aug 2025 14-54-26 (1),-33.854245,151.217996,0.5,,
"721",Track 02 Aug 2025 14-54-26 (1).rctrk,Track 02 Aug 2025 14-54-26 (1),-33.859724,151.211994,0.84,,
"724",Track 02 Aug 2025 14-54-26 (1).rctrk,Track 02 Aug 2025 14-54-26 (1),-33.851964,151.226102,0.83,,
"725",Track 02 Aug 2025 14-54-26 (1).rctrk,Track 02 Aug 2025 14-54-26 (1),-33.856986,151.213152,0.91,,
"726",Track 02 Aug 2025 14-54-26 (1).rctrk,Track 02 Aug 2025 14-54-26 (1),-33.852157,151.225739,0.52,,
"727",Track 02 Aug 2025 14-54-26 (1).rctrk,Track 02 Aug 2025 14-54-26 (1),-33.857442,151.211284,1.1,,
"728",Track 02 Aug 2025 14-54-26 (1).rctrk,Track 02 Aug 2025 14-54-26 (1),-33.859405,151.211969,1.12,,
"729",Track 02 Aug 2025 14-54-26 (1).rctrk,Track 02 Aug 2025 14-54-26 (1),-33.847289,151.2368,0.87,,
"731",Track 02 Aug 2025 14-54-26 (1).rctrk,Track 02 Aug 2025 14-54-26 (1),-33.85623,151.227172,0.5,,
"733",Track 02 Aug 2025 14-54-26 (1).rctrk,Track 02 Aug 2025 14-54-26 (1),-33.85376,151.216169,0.89,,
"734",Track 02 Aug 2025 14-54-26 (1).rctrk,Track 02 Aug 2025 14-54-26 (1),-33.849749,151.231626,0.91,,
"735",Track 02 Aug 2025 14-54-26 (1).rctrk,Track 02 Aug 2025 14-54-26 (1),-33.84866,151.233881,0.66,,
"736",Track 02 Aug 2025 14-54-26 (1).rctrk,Track 02 Aug 2025 14-54-26 (1),-33.858001,151.2422,0.47,,
"737",Track 02 Aug 2025 14-54-26 (1).rctrk,Track 02 Aug 2025 14-54-26 (1),-33.851809,151.226981,0.78,,
"738",Track 02 Aug 2025 14-54-26 (1).rctrk,Track 02 Aug 2025 14-54-26 (1),-33.852133,151.223809,0.9,,
"739",Track 02 Aug 2025 14-54-26 (1).rctrk,Track 02 Aug 2025 14-54-26 (1),-33.851594,151.227325,0.51,,
"740",Track 02 Aug 2025 14-54-26 (1).rctrk,Track 02 Aug 2025 14-54-26 (1),-33.859012,151.210805,1.36,,
"742",Track 02 Aug 2025 14-54-26 (1).rctrk,Track 02 Aug 2025 14-54-26 (1),-33.85023,151.228463,0.9,,
"745",Track 02 Aug 2025 14-54-26 (1).rctrk,Track 02 Aug 2025 14-54-26 (1),-33.859606,151.212034,0.97,,
"748",Track 02 Aug 2025 14-54-26 (1).rctrk,Track 02 Aug 2025 14-54-26 (1),-33.854185,151.200499,0.69,,
"749",Track 02 Aug 2025 14-54-26 (1).rctrk,Track 02 Aug 2025 14-54-26 (1),-33.853778,151.216432,0.89,,
"750",Track 02 Aug 2025 14-54-26 (1).rctrk,Track 02 Aug 2025 14-54-26 (1),-33.857482,151.198755,0.75,,
"751",Track 02 Aug 2025 14-54-26 (1).rctrk,Track 02 Aug 2025 14-54-26 (1),-33.856777,151.247351,0.53,,
"753",Track 02 Aug 2025 14-54-26 (1).rctrk,Track 02 Aug 2025 14-54-26 (1),-33.853521,151.201623,0.69,,
"754",Track 02 Aug 2025 14-54-26 (1).rctrk,Track 02 Aug 2025 14-54-26 (1),-33.860429,151.253069,0.43,,
"761",Track 02 Aug 2025 14-54-26 (1).rctrk,Track 02 Aug 2025 14-54-26 (1),-33.855476,151.214514,0.76,,
"763",Track 02 Aug 2025 14-54-26 (1).rctrk,Track 02 Aug 2025 14-54-26 (1),-33.856525,151.213336,0.86,,
"764",Track 02 Aug 2025 14-54-26 (1).rctrk,Track 02 Aug 2025 14-54-26 (1),-33.849608,151.232801,0.96,,
"770",Track 02 Aug 2025 14-54-26 (1).rctrk,Track 02 Aug 2025 14-54-26 (1),-33.853721,151.201234,0.68,,
"771",Track 02 Aug 2025 14-54-26 (1).rctrk,Track 02 Aug 2025 14-54-26 (1),-33.856944,151.23612,0.47,,
"772",Track 02 Aug 2025 14-54-26 (1).rctrk,Track 02 Aug 2025 14-54-26 (1),-33.857233,151.23788,0.48,,
"773",Track 02 Aug 2025 14-54-26 (1).rctrk,Track 02 Aug 2025 14-54-26 (1),-33.858114,151.250772,0.52,,
"776",Track 02 Aug 2025 14-54-26 (1).rctrk,Track 02 Aug 2025 14-54-26 (1),-33.852297,151.225009,0.84,,
"777",Track 02 Aug 2025 14-54-26 (1).rctrk,Track 02 Aug 2025 14-54-26 (1),-33.85964,151.210777,1.52,,
"778",Track 02 Aug 2025 14-54-26 (1).rctrk,Track 02 Aug 2025 14-54-26 (1),-33.847423,151.23386,0.79,,
"779",Track 02 Aug 2025 14-54-26 (1).rctrk,Track 02 Aug 2025 14-54-26 (1),-33.85391,151.21573,0.5,,
"780",Track 02 Aug 2025 14-54-26 (1).rctrk,Track 02 Aug 2025 14-54-26 (1),-33.858785,151.252396,0.51,,
"781",Track 02 Aug 2025 14-54-26 (1).rctrk,Track 02 Aug 2025 14-54-26 (1),-33.85654,151.212242,1.09,,
"782",Track 02 Aug 2025 14-54-26 (1).rctrk,Track 02 Aug 2025 14-54-26 (1),-33.85478,151.218566,0.51,,
"784",Track 02 Aug 2025 14-54-26 (1).rctrk,Track 02 Aug 2025 14-54-26 (1),-33.854007,151.210684,0.79,,
"785",Track 02 Aug 2025 14-54-26 (1).rctrk,Track 02 Aug 2025 14-54-26 (1),-33.859335,151.210777,1.42,,
"786",Track 02 Aug 2025 14-54-26 (1).rctrk,Track 02 Aug 2025 14-54-26 (1),-33.850474,151.227738,0.9,,
"787",Track 02 Aug 2025 14-54-26 (1).rctrk,Track 02 Aug 2025 14-54-26 (1),-33.855133,151.219468,0.57,,
"791",Track 02 Aug 2025 14-54-26 (1).rctrk,Track 02 Aug 2025 14-54-26 (1),-33.85374,151.221341,0.49,,
"792",Track 02 Aug 2025 14-54-26 (1).rctrk,Track 02 Aug 2025 14-54-26 (1),-33.858362,151.212564,1.03,,
"793",Track 02 Aug 2025 14-54-26 (1).rctrk,Track 02 Aug 2025 14-54-26 (1),-33.85385,151.233954,0.48,,
"796",Track 02 Aug 2025 14-54-26 (1).rctrk,Track 02 Aug 2025 14-54-26 (1),-33.85152,151.228966,0.75,,
"799",Track 02 Aug 2025 14-54-26 (1).rctrk,Track 02 Aug 2025 14-54-26 (1),-33.854531,151.237952,0.5,,
"800",Track 02 Aug 2025 14-54-26 (1).rctrk,Track 02 Aug 2025 14-54-26 (1),-33.858189,151.212573,0.77,,
"803",Track 02 Aug 2025 14-54-26 (1).rctrk,Track 02 Aug 2025 14-54-26 (1),-33.856418,151.213204,0.68,,
"804",Track 02 Aug 2025 14-54-26 (1).rctrk,Track 02 Aug 2025 14-54-26 (1),-33.861543,151.199101,0.78,,
"806",Track 02 Aug 2025 14-54-26 (1).rctrk,Track 02 Aug 2025 14-54-26 (1),-33.859926,151.250289,0.43,,
"808",Track 02 Aug 2025 14-54-26 (1).rctrk,Track 02 Aug 2025 14-54-26 (1),-33.854563,151.219539,0.52,,
"809",Track 02 Aug 2025 14-54-26 (1).rctrk,Track 02 Aug 2025 14-54-26 (1),-33.854776,151.216021,1,,
"811",Track 02 Aug 2025 14-54-26 (1).rctrk,Track 02 Aug 2025 14-54-26 (1),-33.84499,151.233196,0.9,,
"813",Track 02 Aug 2025 14-54-26 (1).rctrk,Track 02 Aug 2025 14-54-26 (1),-33.856182,151.212498,0.6,,
"815",Track 02 Aug 2025 14-54-26 (1).rctrk,Track 02 Aug 2025 14-54-26 (1),-33.856504,151.211365,1.04,,
"817",Track 02 Aug 2025 14-54-26 (1).rctrk,Track 02 Aug 2025 14-54-26 (1),-33.85474,151.23908,0.5,,
"818",Track 02 Aug 2025 14-54-26 (1).rctrk,Track 02 Aug 2025 14-54-26 (1),-33.849579,151.232933,0.95,,
"819",Track 02 Aug 2025 14-54-26 (1).rctrk,Track 02 Aug 2025 14-54-26 (1),-33.854389,151.219727,0.51,,
"821",Track 02 Aug 2025 14-54-26 (1).rctrk,Track 02 Aug 2025 14-54-26 (1),-33.851527,151.227529,0.51,,
"823",Track 02 Aug 2025 14-54-26 (1).rctrk,Track 02 Aug 2025 14-54-26 (1),-33.847535,151.238046,1.01,,
"824",Track 02 Aug 2025 14-54-26 (1).rctrk,Track 02 Aug 2025 14-54-26 (1),-33.85382,151.219264,0.83,,
"825",Track 02 Aug 2025 14-54-26 (1).rctrk,Track 02 Aug 2025 14-54-26 (1),-33.852907,151.223578,0.51,,
"827",Track 02 Aug 2025 14-54-26 (1).rctrk,Track 02 Aug 2025 14-54-26 (1),-33.855014,151.214114,0.62,,
"828",Track 02 Aug 2025 14-54-26 (1).rctrk,Track 02 Aug 2025 14-54-26 (1),-33.846062,151.238,0.88,,
"829",Track 02 Aug 2025 14-54-26 (1).rctrk,Track 02 Aug 2025 14-54-26 (1),-33.857677,151.198738,0.76,,
"830",Track 02 Aug 2025 14-54-26 (1).rctrk,Track 02 Aug 2025 14-54-26 (1),-33.855534,151.220969,0.54,,
"831",Track 02 Aug 2025 14-54-26 (1).rctrk,Track 02 Aug 2025 14-54-26 (1),-33.860629,151.254071,0.43,,
"833",Track 02 Aug 2025 14-54-26 (1).rctrk,Track 02 Aug 2025 14-54-26 (1),-33.852713,151.206356,0.67,,
"834",Track 02 Aug 2025 14-54-26 (1).rctrk,Track 02 Aug 2025 14-54-26 (1),-33.853703,151.22117,0.93,,
"836",Track 02 Aug 2025 14-54-26 (1).rctrk,Track 02 Aug 2025 14-54-26 (1),-33.858239,151.211539,1.07,,
"838",Track 02 Aug 2025 14-54-26 (1).rctrk,Track 02 Aug 2025 14-54-26 (1),-33.852461,151.223278,0.89,,
"840",Track 02 Aug 2025 14-54-26 (1).rctrk,Track 02 Aug 2025 14-54-26 (1),-33.854066,151.213715,0.93,,
"841",Track 02 Aug 2025 14-54-26 (1).rctrk,Track 02 Aug 2025 14-54-26 (1),-33.857585,151.212879,0.97,,
"843",Track 02 Aug 2025 14-54-26 (1).rctrk,Track 02 Aug 2025 14-54-26 (1),-33.853265,151.221684,0.9,,
"845",Track 02 Aug 2025 14-54-26 (1).rctrk,Track 02 Aug 2025 14-54-26 (1),-33.848457,151.235765,0.86,,
"847",Track 02 Aug 2025 14-54-26 (1).rctrk,Track 02 Aug 2025 14-54-26 (1),-33.855359,151.212814,0.59,,
"848",Track 02 Aug 2025 14-54-26 (1).rctrk,Track 02 Aug 2025 14-54-26 (1),-33.849707,151.234451,0.78,,
"850",Track 02 Aug 2025 14-54-26 (1).rctrk,Track 02 Aug 2025 14-54-26 (1),-33.853144,151.202662,0.69,,
"854",Track 02 Aug 2025 14-54-26 (1).rctrk,Track 02 Aug 2025 14-54-26 (1),-33.858648,151.211217,1.26,,
"855",Track 02 Aug 2025 14-54-26 (1).rctrk,Track 02 Aug 2025 14-54-26 (1),-33.854569,151.212426,0.96,,
"857",Track 02 Aug 2025 14-54-26 (1).rctrk,Track 02 Aug 2025 14-54-26 (1),-33.855006,151.240461,0.5,,
"858",Track 02 Aug 2025 14-54-26 (1).rctrk,Track 02 Aug 2025 14-54-26 (1),-33.854501,151.218291,0.98,,
"859",Track 02 Aug 2025 14-54-26 (1).rctrk,Track 02 Aug 2025 14-54-26 (1),-33.845255,151.2333,0.9,,
"860",Track 02 Aug 2025 14-54-26 (1).rctrk,Track 02 Aug 2025 14-54-26 (1),-33.850545,151.230735,0.57,,
"862",Track 02 Aug 2025 14-54-26 (1).rctrk,Track 02 Aug 2025 14-54-26 (1),-33.859149,151.247067,0.45,,
"863",Track 02 Aug 2025 14-54-26 (1).rctrk,Track 02 Aug 2025 14-54-26 (1),-33.853823,151.201042,0.69,,
"865",Track 02 Aug 2025 14-54-26 (1).rctrk,Track 02 Aug 2025 14-54-26 (1),-33.853093,151.222703,0.88,,
"866",Track 02 Aug 2025 14-54-26 (1).rctrk,Track 02 Aug 2025 14-54-26 (1),-33.84947,151.234735,0.79,,
"867",Track 02 Aug 2025 14-54-26 (1).rctrk,Track 02 Aug 2025 14-54-26 (1),-33.857181,151.212931,0.73,,
"869",Track 02 Aug 2025 14-54-26 (1).rctrk,Track 02 Aug 2025 14-54-26 (1),-33.858363,151.212519,0.78,,
"874",Track 02 Aug 2025 14-54-26 (1).rctrk,Track 02 Aug 2025 14-54-26 (1),-33.857441,151.239146,0.49,,
"876",Track 02 Aug 2025 14-54-26 (1).rctrk,Track 02 Aug 2025 14-54-26 (1),-33.853989,151.220267,0.97,,
"879",Track 02 Aug 2025 14-54-26 (1).rctrk,Track 02 Aug 2025 14-54-26 (1),-33.851356,151.225568,0.9,,
"881",Track 02 Aug 2025 14-54-26 (1).rctrk,Track 02 Aug 2025 14-54-26 (1),-33.85345,151.226609,0.49,,
"883",Track 02 Aug 2025 14-54-26 (1).rctrk,Track 02 Aug 2025 14-54-26 (1),-33.848006,151.23731,0.97,,
"884",Track 02 Aug 2025 14-54-26 (1).rctrk,Track 02 Aug 2025 14-54-26 (1),-33.854778,151.215888,1.01,,
"888",Track 02 Aug 2025 14-54-26 (1).rctrk,Track 02 Aug 2025 14-54-26 (1),-33.85463,151.220362,0.51,,
"889",Track 02 Aug 2025 14-54-26 (1).rctrk,Track 02 Aug 2025 14-54-26 (1),-33.852719,151.206191,0.68,,
"890",Track 02 Aug 2025 14-54-26 (1).rctrk,Track 02 Aug 2025 14-54-26 (1),-33.856217,151.213295,0.67,,
"891",Track 02 Aug 2025 14-54-26 (1).rctrk,Track 02 Aug 2025 14-54-26 (1),-33.858847,151.246078,0.44,,
"894",Track 02 Aug 2025 14-54-26 (1).rctrk,Track 02 Aug 2025 14-54-26 (1),-33.856812,151.212395,0.64,,
"895",Track 02 Aug 2025 14-54-26 (1).rctrk,Track 02 Aug 2025 14-54-26 (1),-33.849788,151.234353,0.77,,
"897",Track 02 Aug 2025 14-54-26 (1).rctrk,Track 02 Aug 2025 14-54-26 (1),-33.85739,151.238897,0.49,,
"899",Track 02 Aug 2025 14-54-26 (1).rctrk,Track 02 Aug 2025 14-54-26 (1),-33.84828,151.236892,0.97,,
"902",Track 02 Aug 2025 14-54-26 (1).rctrk,Track 02 Aug 2025 14-54-26 (1),-33.853308,151.230247,0.49,,
"903",Track 02 Aug 2025 14-54-26 (1).rctrk,Track 02 Aug 2025 14-54-26 (1),-33.852802,151.223877,0.51,,
"904",Track 02 Aug 2025 14-54-26 (1).rctrk,Track 02 Aug 2025 14-54-26 (1),-33.858796,151.211189,1.28,,
"905",Track 02 Aug 2025 14-54-26 (1).rctrk,Track 02 Aug 2025 14-54-26 (1),-33.85624,151.226635,0.51,,
"907",Track 02 Aug 2025 14-54-26 (1).rctrk,Track 02 Aug 2025 14-54-26 (1),-33.852889,151.223175,0.86,,
"910",Track 02 Aug 2025 14-54-26 (1).rctrk,Track 02 Aug 2025 14-54-26 (1),-33.853571,151.220564,0.86,,
"915",Track 02 Aug 2025 14-54-26 (1).rctrk,Track 02 Aug 2025 14-54-26 (1),-33.854996,151.213066,0.59,,
"917",Track 02 Aug 2025 14-54-26 (1).rctrk,Track 02 Aug 2025 14-54-26 (1),-33.852699,151.207041,0.69,,
"918",Track 02 Aug 2025 14-54-26 (1).rctrk,Track 02 Aug 2025 14-54-26 (1),-33.848924,151.233788,0.63,,
"920",Track 02 Aug 2025 14-54-26 (1).rctrk,Track 02 Aug 2025 14-54-26 (1),-33.853819,151.216689,0.9,,
"921",Track 02 Aug 2025 14-54-26 (1).rctrk,Track 02 Aug 2025 14-54-26 (1),-33.853691,151.220052,0.86,,
"922",Track 02 Aug 2025 14-54-26 (1).rctrk,Track 02 Aug 2025 14-54-26 (1),-33.858058,151.210972,1.2,,
"927",Track 02 Aug 2025 14-54-26 (1).rctrk,Track 02 Aug 2025 14-54-26 (1),-33.85591,151.244347,0.5,,
"930",Track 02 Aug 2025 14-54-26 (1).rctrk,Track 02 Aug 2025 14-54-26 (1),-33.856116,151.21242,1.1,,
"932",Track 02 Aug 2025 14-54-26 (1).rctrk,Track 02 Aug 2025 14-54-26 (1),-33.859733,151.249281,0.44,,
"933",Track 02 Aug 2025 14-54-26 (1).rctrk,Track 02 Aug 2025 14-54-26 (1),-33.854747,151.216528,1.03,,
"934",Track 02 Aug 2025 14-54-26 (1).rctrk,Track 02 Aug 2025 14-54-26 (1),-33.848034,151.233924,0.71,,
"936",Track 02 Aug 2025 14-54-26 (1).rctrk,Track 02 Aug 2025 14-54-26 (1),-33.853342,151.221436,0.89,,
"939",Track 02 Aug 2025 14-54-26 (1).rctrk,Track 02 Aug 2025 14-54-26 (1),-33.852938,151.208686,0.75,,
"941",Track 02 Aug 2025 14-54-26 (1).rctrk,Track 02 Aug 2025 14-54-26 (1),-33.850155,151.231886,0.6,,
"943",Track 02 Aug 2025 14-54-26 (1).rctrk,Track 02 Aug 2025 14-54-26 (1),-33.854518,151.213639,0.55,,
"944",Track 02 Aug 2025 14-54-26 (1).rctrk,Track 02 Aug 2025 14-54-26 (1),-33.859787,151.24953,0.44,,
"947",Track 02 Aug 2025 14-54-26 (1).rctrk,Track 02 Aug 2025 14-54-26 (1),-33.855388,151.213767,0.64,,
"949",Track 02 Aug 2025 14-54-26 (1).rctrk,Track 02 Aug 2025 14-54-26 (1),-33.853816,151.220808,0.95,,
"950",Track 02 Aug 2025 14-54-26 (1).rctrk,Track 02 Aug 2025 14-54-26 (1),-33.853037,151.203039,0.68,,
"951",Track 02 Aug 2025 14-54-26 (1).rctrk,Track 02 Aug 2025 14-54-26 (1),-33.852485,151.224399,0.86,,
"952",Track 02 Aug 2025 14-54-26 (1).rctrk,Track 02 Aug 2025 14-54-26 (1),-33.847668,151.23783,1.01,,
"954",Track 02 Aug 2025 14-54-26 (1).rctrk,Track 02 Aug 2025 14-54-26 (1),-33.854164,151.219646,0.98,,
"955",Track 02 Aug 2025 14-54-26 (1).rctrk,Track 02 Aug 2025 14-54-26 (1),-33.85477,151.215509,1.02,,
"956",Track 02 Aug 2025 14-54-26 (1).rctrk,Track 02 Aug 2025 14-54-26 (1),-33.849674,151.232411,0.93,,
"957",Track 02 Aug 2025 14-54-26 (1).rctrk,Track 02 Aug 2025 14-54-26 (1),-33.853926,151.216235,0.48,,
"962",Track 02 Aug 2025 14-54-26 (1).rctrk,Track 02 Aug 2025 14-54-26 (1),-33.851445,151.229465,0.8,,
"963",Track 02 Aug 2025 14-54-26 (1).rctrk,Track 02 Aug 2025 14-54-26 (1),-33.85958,151.212059,0.84,,
"964",Track 02 Aug 2025 14-54-26 (1).rctrk,Track 02 Aug 2025 14-54-26 (1),-33.849652,151.232538,0.95,,
"967",Track 02 Aug 2025 14-54-26 (1).rctrk,Track 02 Aug 2025 14-54-26 (1),-33.855298,151.241865,0.5,,
"969",Track 02 Aug 2025 14-54-26 (1).rctrk,Track 02 Aug 2025 14-54-26 (1),-33.863377,151.199825,0.8,,
"971",Track 02 Aug 2025 14-54-26 (1).rctrk,Track 02 Aug 2025 14-54-26 (1),-33.851255,151.230456,0.82,,
"972",Track 02 Aug 2025 14-54-26 (1).rctrk,Track 02 Aug 2025 14-54-26 (1),-33.85463,151.220917,0.5,,
"973",Track 02 Aug 2025 14-54-26 (1).rctrk,Track 02 Aug 2025 14-54-26 (1),-33.856284,151.212477,0.61,,
"974",Track 02 Aug 2025 14-54-26 (1).rctrk,Track 02 Aug 2025 14-54-26 (1),-33.853777,151.220927,0.94,,
"975",Track 02 Aug 2025 14-54-26 (1).rctrk,Track 02 Aug 2025 14-54-26 (1),-33.854358,151.210925,0.82,,
"977",Track 02 Aug 2025 14-54-26 (1).rctrk,Track 02 Aug 2025 14-54-26 (1),-33.853503,151.220812,0.87,,
"978",Track 02 Aug 2025 14-54-26 (1).rctrk,Track 02 Aug 2025 14-54-26 (1),-33.850554,151.227495,0.92,,
"979",Track 02 Aug 2025 14-54-26 (1).rctrk,Track 02 Aug 2025 14-54-26 (1),-33.853759,151.215909,0.89,,
"980",Track 02 Aug 2025 14-54-26 (1).rctrk,Track 02 Aug 2025 14-54-26 (1),-33.851614,151.228346,0.75,,
"981",Track 02 Aug 2025 14-54-26 (1).rctrk,Track 02 Aug 2025 14-54-26 (1),-33.84715,151.238548,0.99,,
"982",Track 02 Aug 2025 14-54-26 (1).rctrk,Track 02 Aug 2025 14-54-26 (1),-33.854045,151.217837,0.9,,
"984",Track 02 Aug 2025 14-54-26 (1).rctrk,Track 02 Aug 2025 14-54-26 (1),-33.85654,151.198983,0.7,,
"986",Track 02 Aug 2025 14-54-26 (1).rctrk,Track 02 Aug 2025 14-54-26 (1),-33.855305,151.211603,0.98,,
"987",Track 02 Aug 2025 14-54-26 (1).rctrk,Track 02 Aug 2025 14-54-26 (1),-33.851954,151.224139,0.9,,
"988",Track 02 Aug 2025 14-54-26 (1).rctrk,Track 02 Aug 2025 14-54-26 (1),-33.848897,151.235351,0.85,,
"990",Track 02 Aug 2025 14-54-26 (1).rctrk,Track 02 Aug 2025 14-54-26 (1),-33.856239,151.226374,0.52,,
"991",Track 02 Aug 2025 14-54-26 (1).rctrk,Track 02 Aug 2025 14-54-26 (1),-33.856091,151.213353,0.68,,
"992",Track 02 Aug 2025 14-54-26 (1).rctrk,Track 02 Aug 2025 14-54-26 (1),-33.853944,151.224463,0.5,,
"993",Track 02 Aug 2025 14-54-26 (1).rctrk,Track 02 Aug 2025 14-54-26 (1),-33.8549,151.218189,0.52,,
"994",Track 02 Aug 2025 14-54-26 (1).rctrk,Track 02 Aug 2025 14-54-26 (1),-33.854715,151.216907,1.03,,
"996",Track 02 Aug 2025 14-54-26 (1).rctrk,Track 02 Aug 2025 14-54-26 (1),-33.858813,151.212312,1.07,,
"997",Track 02 Aug 2025 14-54-26 (1).rctrk,Track 02 Aug 2025 14-54-26 (1),-33.849079,151.234692,0.98,,
"998",Track 02 Aug 2025 14-54-26 (1).rctrk,Track 02 Aug 2025 14-54-26 (1),-33.858577,151.251845,0.5,,
"999",Track 02 Aug 2025 14-54-26 (1).rctrk,Track 02 Aug 2025 14-54-26 (1),-33.850144,151.228853,0.9,,
"1000",Track 02 Aug 2025 14-54-26 (1).rctrk,Track 02 Aug 2025 14-54-26 (1),-33.849113,151.234559,0.98,,
"1001",Track 02 Aug 2025 14-54-26 (1).rctrk,Track 02 Aug 2025 14-54-26 (1),-33.856508,151.213174,0.69,,
"1005",Track 02 Aug 2025 14-54-26 (1).rctrk,Track 02 Aug 2025 14-54-26 (1),-33.855405,151.220477,0.54,,
"1006",Track 02 Aug 2025 14-54-26 (1).rctrk,Track 02 Aug 2025 14-54-26 (1),-33.854294,151.218214,0.51,,
"1007",Track 02 Aug 2025 14-54-26 (1).rctrk,Track 02 Aug 2025 14-54-26 (1),-33.852266,151.225435,0.51,,
"1010",Track 02 Aug 2025 14-54-26 (1).rctrk,Track 02 Aug 2025 14-54-26 (1),-33.858353,151.211272,1.23,,
"1012",Track 02 Aug 2025 14-54-26 (1).rctrk,Track 02 Aug 2025 14-54-26 (1),-33.852057,151.226037,0.51,,
"1013",Track 02 Aug 2025 14-54-26 (1).rctrk,Track 02 Aug 2025 14-54-26 (1),-33.857317,151.248959,0.51,,
"1014",Track 02 Aug 2025 14-54-26 (1).rctrk,Track 02 Aug 2025 14-54-26 (1),-33.852732,151.205171,0.64,,
"1015",Track 02 Aug 2025 14-54-26 (1).rctrk,Track 02 Aug 2025 14-54-26 (1),-33.8545,151.222052,0.52,,
"1020",Track 02 Aug 2025 14-54-26 (1).rctrk,Track 02 Aug 2025 14-54-26 (1),-33.854484,151.237658,0.5,,
"1021",Track 02 Aug 2025 14-54-26 (1).rctrk,Track 02 Aug 2025 14-54-26 (1),-33.853111,151.222981,0.5,,
"1022",Track 02 Aug 2025 14-54-26 (1).rctrk,Track 02 Aug 2025 14-54-26 (1),-33.857182,151.211118,1.02,,
"1024",Track 02 Aug 2025 14-54-26 (1).rctrk,Track 02 Aug 2025 14-54-26 (1),-33.85087,151.229792,0.53,,
"1026",Track 02 Aug 2025 14-54-26 (1).rctrk,Track 02 Aug 2025 14-54-26 (1),-33.854108,151.217411,0.5,,
"1029",Track 02 Aug 2025 14-54-26 (1).rctrk,Track 02 Aug 2025 14-54-26 (1),-33.854662,151.212263,0.97,,
"1030",Track 02 Aug 2025 14-54-26 (1).rctrk,Track 02 Aug 2025 14-54-26 (1),-33.853912,151.215896,0.5,,
"1031",Track 02 Aug 2025 14-54-26 (1).rctrk,Track 02 Aug 2025 14-54-26 (1),-33.855106,151.217207,0.55,,
"1035",Track 02 Aug 2025 14-54-26 (1).rctrk,Track 02 Aug 2025 14-54-26 (1),-33.855232,151.216219,0.64,,
"1036",Track 02 Aug 2025 14-54-26 (1).rctrk,Track 02 Aug 2025 14-54-26 (1),-33.847602,151.237941,1.01,,
"1038",Track 02 Aug 2025 14-54-26 (1).rctrk,Track 02 Aug 2025 14-54-26 (1),-33.850652,151.227246,0.92,,
"1039",Track 02 Aug 2025 14-54-26 (1).rctrk,Track 02 Aug 2025 14-54-26 (1),-33.853504,151.221778,0.9,,
"1040",Track 02 Aug 2025 14-54-26 (1).rctrk,Track 02 Aug 2025 14-54-26 (1),-33.856387,151.212458,0.62,,
"1041",Track 02 Aug 2025 14-54-26 (1).rctrk,Track 02 Aug 2025 14-54-26 (1),-33.85555,151.211227,0.89,,
"1042",Track 02 Aug 2025 14-54-26 (1).rctrk,Track 02 Aug 2025 14-54-26 (1),-33.849306,151.233524,0.62,,
"1043",Track 02 Aug 2025 14-54-26 (1).rctrk,Track 02 Aug 2025 14-54-26 (1),-33.857195,151.23763,0.48,,
"1044",Track 02 Aug 2025 14-54-26 (1).rctrk,Track 02 Aug 2025 14-54-26 (1),-33.855466,151.212879,1.07,,
"1046",Track 02 Aug 2025 14-54-26 (1).rctrk,Track 02 Aug 2025 14-54-26 (1),-33.854488,151.215,0.63,,
"1049",Track 02 Aug 2025 14-54-26 (1).rctrk,Track 02 Aug 2025 14-54-26 (1),-33.853888,151.214615,0.91,,
"1052",Track 02 Aug 2025 14-54-26 (1).rctrk,Track 02 Aug 2025 14-54-26 (1),-33.857332,151.212339,0.67,,
"1058",Track 02 Aug 2025 14-54-26 (1).rctrk,Track 02 Aug 2025 14-54-26 (1),-33.848116,151.236096,0.86,,
"1059",Track 02 Aug 2025 14-54-26 (1).rctrk,Track 02 Aug 2025 14-54-26 (1),-33.854003,151.2169,0.5,,
"1060",Track 02 Aug 2025 14-54-26 (1).rctrk,Track 02 Aug 2025 14-54-26 (1),-33.858051,151.242451,0.46,,
"1062",Track 02 Aug 2025 14-54-26 (1).rctrk,Track 02 Aug 2025 14-54-26 (1),-33.854542,151.219319,0.5,,
"1064",Track 02 Aug 2025 14-54-26 (1).rctrk,Track 02 Aug 2025 14-54-26 (1),-33.849478,151.233316,0.96,,
"1066",Track 02 Aug 2025 14-54-26 (1).rctrk,Track 02 Aug 2025 14-54-26 (1),-33.851106,151.226185,0.91,,
"1075",Track 02 Aug 2025 14-54-26 (1).rctrk,Track 02 Aug 2025 14-54-26 (1),-33.85729,151.213018,0.93,,
"1077",Track 02 Aug 2025 14-54-26 (1).rctrk,Track 02 Aug 2025 14-54-26 (1),-33.85366,151.232834,0.48,,
"1078",Track 02 Aug 2025 14-54-26 (1).rctrk,Track 02 Aug 2025 14-54-26 (1),-33.853252,151.222618,0.5,,
"1080",Track 02 Aug 2025 14-54-26 (1).rctrk,Track 02 Aug 2025 14-54-26 (1),-33.859804,151.25535,0.51,,
"1081",Track 02 Aug 2025 14-54-26 (1).rctrk,Track 02 Aug 2025 14-54-26 (1),-33.84659,151.237443,0.89,,
"1082",Track 02 Aug 2025 14-54-26 (1).rctrk,Track 02 Aug 2025 14-54-26 (1),-33.852841,151.208214,0.72,,
"1084",Track 02 Aug 2025 14-54-26 (1).rctrk,Track 02 Aug 2025 14-54-26 (1),-33.851504,151.229088,0.75,,
"1086",Track 02 Aug 2025 14-54-26 (1).rctrk,Track 02 Aug 2025 14-54-26 (1),-33.857714,151.211764,1.05,,
"1088",Track 02 Aug 2025 14-54-26 (1).rctrk,Track 02 Aug 2025 14-54-26 (1),-33.856664,151.211355,1.05,,
"1089",Track 02 Aug 2025 14-54-26 (1).rctrk,Track 02 Aug 2025 14-54-26 (1),-33.847381,151.236725,0.86,,
"1094",Track 02 Aug 2025 14-54-26 (1).rctrk,Track 02 Aug 2025 14-54-26 (1),-33.853092,151.202859,0.68,,
"1097",Track 02 Aug 2025 14-54-26 (1).rctrk,Track 02 Aug 2025 14-54-26 (1),-33.855722,151.221731,0.54,,
"1099",Track 02 Aug 2025 14-54-26 (1).rctrk,Track 02 Aug 2025 14-54-26 (1),-33.854766,151.215382,1,,
"1100",Track 02 Aug 2025 14-54-26 (1).rctrk,Track 02 Aug 2025 14-54-26 (1),-33.859426,151.198748,0.75,,
"1101",Track 02 Aug 2025 14-54-26 (1).rctrk,Track 02 Aug 2025 14-54-26 (1),-33.853877,151.216936,0.9,,
"1102",Track 02 Aug 2025 14-54-26 (1).rctrk,Track 02 Aug 2025 14-54-26 (1),-33.853441,151.222126,0.5,,
"1103",Track 02 Aug 2025 14-54-26 (1).rctrk,Track 02 Aug 2025 14-54-26 (1),-33.853766,151.2163,0.88,,
"1105",Track 02 Aug 2025 14-54-26 (1).rctrk,Track 02 Aug 2025 14-54-26 (1),-33.855541,151.212796,1.09,,
"1106",Track 02 Aug 2025 14-54-26 (1).rctrk,Track 02 Aug 2025 14-54-26 (1),-33.854956,151.213736,1.01,,
"1107",Track 02 Aug 2025 14-54-26 (1).rctrk,Track 02 Aug 2025 14-54-26 (1),-33.851885,151.226476,0.81,,
"1108",Track 02 Aug 2025 14-54-26 (1).rctrk,Track 02 Aug 2025 14-54-26 (1),-33.847478,151.236649,0.87,,
"1109",Track 02 Aug 2025 14-54-26 (1).rctrk,Track 02 Aug 2025 14-54-26 (1),-33.856499,151.233319,0.49,,
"1113",Track 02 Aug 2025 14-54-26 (1).rctrk,Track 02 Aug 2025 14-54-26 (1),-33.854285,151.236587,0.49,,
"1117",Track 02 Aug 2025 14-54-26 (1).rctrk,Track 02 Aug 2025 14-54-26 (1),-33.852984,151.222932,0.87,,
"1118",Track 02 Aug 2025 14-54-26 (1).rctrk,Track 02 Aug 2025 14-54-26 (1),-33.848814,151.235437,0.85,,
"1120",Track 02 Aug 2025 14-54-26 (1).rctrk,Track 02 Aug 2025 14-54-26 (1),-33.850997,151.226417,0.92,,
"1124",Track 02 Aug 2025 14-54-26 (1).rctrk,Track 02 Aug 2025 14-54-26 (1),-33.85164,151.224829,0.9,,
"1126",Track 02 Aug 2025 14-54-26 (1).rctrk,Track 02 Aug 2025 14-54-26 (1),-33.85853,151.210909,1.26,,
"1130",Track 02 Aug 2025 14-54-26 (1).rctrk,Track 02 Aug 2025 14-54-26 (1),-33.854055,151.200668,0.7,,
"1131",Track 02 Aug 2025 14-54-26 (1).rctrk,Track 02 Aug 2025 14-54-26 (1),-33.84781,151.237613,1,,
"1132",Track 02 Aug 2025 14-54-26 (1).rctrk,Track 02 Aug 2025 14-54-26 (1),-33.85067,151.232779,0.77,,
"1133",Track 02 Aug 2025 14-54-26 (1).rctrk,Track 02 Aug 2025 14-54-26 (1),-33.852839,151.223292,0.87,,
"1134",Track 02 Aug 2025 14-54-26 (1).rctrk,Track 02 Aug 2025 14-54-26 (1),-33.854136,151.213476,0.93,,
"1138",Track 02 Aug 2025 14-54-26 (1).rctrk,Track 02 Aug 2025 14-54-26 (1),-33.850001,151.232261,0.59,,
"1140",Track 02 Aug 2025 14-54-26 (1).rctrk,Track 02 Aug 2025 14-54-26 (1),-33.860781,151.198942,0.77,,
"1141",Track 02 Aug 2025 14-54-26 (1).rctrk,Track 02 Aug 2025 14-54-26 (1),-33.851185,151.230821,0.82,,
"1143",Track 02 Aug 2025 14-54-26 (1).rctrk,Track 02 Aug 2025 14-54-26 (1),-33.851918,151.226436,0.53,,
"1144",Track 02 Aug 2025 14-54-26 (1).rctrk,Track 02 Aug 2025 14-54-26 (1),-33.850024,151.229506,0.91,,
"1145",Track 02 Aug 2025 14-54-26 (1).rctrk,Track 02 Aug 2025 14-54-26 (1),-33.85298,151.203361,0.68,,
"1148",Track 02 Aug 2025 14-54-26 (1).rctrk,Track 02 Aug 2025 14-54-26 (1),-33.859164,151.211164,1.13,,
"1149",Track 02 Aug 2025 14-54-26 (1).rctrk,Track 02 Aug 2025 14-54-26 (1),-33.85839,151.211477,1.08,,
"1151",Track 02 Aug 2025 14-54-26 (1).rctrk,Track 02 Aug 2025 14-54-26 (1),-33.851934,151.226224,0.82,,
"1152",Track 02 Aug 2025 14-54-26 (1).rctrk,Track 02 Aug 2025 14-54-26 (1),-33.85355,151.221661,0.91,,
"1153",Track 02 Aug 2025 14-54-26 (1).rctrk,Track 02 Aug 2025 14-54-26 (1),-33.849288,151.233944,0.95,,
"1154",Track 02 Aug 2025 14-54-26 (1).rctrk,Track 02 Aug 2025 14-54-26 (1),-33.860581,151.19891,0.77,,
"1157",Track 02 Aug 2025 14-54-26 (1).rctrk,Track 02 Aug 2025 14-54-26 (1),-33.854056,151.220596,0.49,,
"1158",Track 02 Aug 2025 14-54-26 (1).rctrk,Track 02 Aug 2025 14-54-26 (1),-33.853754,151.215518,0.91,,
"1159",Track 02 Aug 2025 14-54-26 (1).rctrk,Track 02 Aug 2025 14-54-26 (1),-33.860573,151.253819,0.43,,
"1160",Track 02 Aug 2025 14-54-26 (1).rctrk,Track 02 Aug 2025 14-54-26 (1),-33.855957,151.213425,0.67,,
"1162",Track 02 Aug 2025 14-54-26 (1).rctrk,Track 02 Aug 2025 14-54-26 (1),-33.85693,151.213017,0.7,,
"1164",Track 02 Aug 2025 14-54-26 (1).rctrk,Track 02 Aug 2025 14-54-26 (1),-33.855184,151.216628,0.59,,
"1166",Track 02 Aug 2025 14-54-26 (1).rctrk,Track 02 Aug 2025 14-54-26 (1),-33.850001,151.234044,0.8,,
"1167",Track 02 Aug 2025 14-54-26 (1).rctrk,Track 02 Aug 2025 14-54-26 (1),-33.859808,151.198804,0.76,,
"1168",Track 02 Aug 2025 14-54-26 (1).rctrk,Track 02 Aug 2025 14-54-26 (1),-33.853956,151.214228,0.9,,
"1169",Track 02 Aug 2025 14-54-26 (1).rctrk,Track 02 Aug 2025 14-54-26 (1),-33.863026,151.199602,0.79,,
"1170",Track 02 Aug 2025 14-54-26 (1).rctrk,Track 02 Aug 2025 14-54-26 (1),-33.859072,151.246829,0.45,,
"1171",Track 02 Aug 2025 14-54-26 (1).rctrk,Track 02 Aug 2025 14-54-26 (1),-33.85017,151.233775,0.8,,
"1172",Track 02 Aug 2025 14-54-26 (1).rctrk,Track 02 Aug 2025 14-54-26 (1),-33.858026,151.21264,0.75,,
"1173",Track 02 Aug 2025 14-54-26 (1).rctrk,Track 02 Aug 2025 14-54-26 (1),-33.849724,151.231893,0.91,,
"1175",Track 02 Aug 2025 14-54-26 (1).rctrk,Track 02 Aug 2025 14-54-26 (1),-33.863483,151.199866,0.81,,
"1176",Track 02 Aug 2025 14-54-26 (1).rctrk,Track 02 Aug 2025 14-54-26 (1),-33.851307,151.225693,0.9,,
"1178",Track 02 Aug 2025 14-54-26 (1).rctrk,Track 02 Aug 2025 14-54-26 (1),-33.851046,151.229214,0.52,,
"1180",Track 02 Aug 2025 14-54-26 (1).rctrk,Track 02 Aug 2025 14-54-26 (1),-33.849159,151.23366,0.62,,
"1181",Track 02 Aug 2025 14-54-26 (1).rctrk,Track 02 Aug 2025 14-54-26 (1),-33.856732,151.211199,0.98,,
"1182",Track 02 Aug 2025 14-54-26 (1).rctrk,Track 02 Aug 2025 14-54-26 (1),-33.849147,151.234435,0.97,,
"1184",Track 02 Aug 2025 14-54-26 (1).rctrk,Track 02 Aug 2025 14-54-26 (1),-33.852862,151.204164,0.66,,
"1185",Track 02 Aug 2025 14-54-26 (1).rctrk,Track 02 Aug 2025 14-54-26 (1),-33.852809,151.204502,0.65,,
"1186",Track 02 Aug 2025 14-54-26 (1).rctrk,Track 02 Aug 2025 14-54-26 (1),-33.855988,151.223001,0.54,,
"1187",Track 02 Aug 2025 14-54-26 (1).rctrk,Track 02 Aug 2025 14-54-26 (1),-33.853539,151.231967,0.46,,
"1188",Track 02 Aug 2025 14-54-26 (1).rctrk,Track 02 Aug 2025 14-54-26 (1),-33.856327,151.212334,1.09,,
"1190",Track 02 Aug 2025 14-54-26 (1).rctrk,Track 02 Aug 2025 14-54-26 (1),-33.854473,151.21713,0.57,,
"1191",Track 02 Aug 2025 14-54-26 (1).rctrk,Track 02 Aug 2025 14-54-26 (1),-33.85435,151.216032,0.61,,
"1192",Track 02 Aug 2025 14-54-26 (1).rctrk,Track 02 Aug 2025 14-54-26 (1),-33.858529,151.244843,0.46,,
"1193",Track 02 Aug 2025 14-54-26 (1).rctrk,Track 02 Aug 2025 14-54-26 (1),-33.849787,151.231366,0.89,,
"1195",Track 02 Aug 2025 14-54-26 (1).rctrk,Track 02 Aug 2025 14-54-26 (1),-33.851827,151.226852,0.79,,
"1199",Track 02 Aug 2025 14-54-26 (1).rctrk,Track 02 Aug 2025 14-54-26 (1),-33.854336,151.236862,0.5,,
"1201",Track 02 Aug 2025 14-54-26 (1).rctrk,Track 02 Aug 2025 14-54-26 (1),-33.854787,151.239359,0.5,,
"1205",Track 02 Aug 2025 14-54-26 (1).rctrk,Track 02 Aug 2025 14-54-26 (1),-33.85475,151.214984,1.01,,
"1206",Track 02 Aug 2025 14-54-26 (1).rctrk,Track 02 Aug 2025 14-54-26 (1),-33.856238,151.230433,0.48,,
"1208",Track 02 Aug 2025 14-54-26 (1).rctrk,Track 02 Aug 2025 14-54-26 (1),-33.854431,151.213763,0.56,,
"1210",Track 02 Aug 2025 14-54-26 (1).rctrk,Track 02 Aug 2025 14-54-26 (1),-33.847229,151.238454,1,,
"1212",Track 02 Aug 2025 14-54-26 (1).rctrk,Track 02 Aug 2025 14-54-26 (1),-33.850929,151.231935,0.81,,
"1214",Track 02 Aug 2025 14-54-26 (1).rctrk,Track 02 Aug 2025 14-54-26 (1),-33.858694,151.211354,1.07,,
"1215",Track 02 Aug 2025 14-54-26 (1).rctrk,Track 02 Aug 2025 14-54-26 (1),-33.858366,151.210926,1.27,,
"1218",Track 02 Aug 2025 14-54-26 (1).rctrk,Track 02 Aug 2025 14-54-26 (1),-33.851294,151.228329,0.52,,
"1220",Track 02 Aug 2025 14-54-26 (1).rctrk,Track 02 Aug 2025 14-54-26 (1),-33.851502,151.2252,0.91,,
"1223",Track 02 Aug 2025 14-54-26 (1).rctrk,Track 02 Aug 2025 14-54-26 (1),-33.852863,151.208367,0.72,,
"1224",Track 02 Aug 2025 14-54-26 (1).rctrk,Track 02 Aug 2025 14-54-26 (1),-33.854244,151.213115,0.95,,
"1226",Track 02 Aug 2025 14-54-26 (1).rctrk,Track 02 Aug 2025 14-54-26 (1),-33.853577,151.221529,0.91,,
"1227",Track 02 Aug 2025 14-54-26 (1).rctrk,Track 02 Aug 2025 14-54-26 (1),-33.858185,151.243217,0.46,,
"1232",Track 02 Aug 2025 14-54-26 (1).rctrk,Track 02 Aug 2025 14-54-26 (1),-33.85753,151.249474,0.52,,
"1234",Track 02 Aug 2025 14-54-26 (1).rctrk,Track 02 Aug 2025 14-54-26 (1),-33.846651,151.239068,0.98,,
"1235",Track 02 Aug 2025 14-54-26 (1).rctrk,Track 02 Aug 2025 14-54-26 (1),-33.853992,151.217436,0.89,,
"1236",Track 02 Aug 2025 14-54-26 (1).rctrk,Track 02 Aug 2025 14-54-26 (1),-33.858506,151.211245,1.24,,
"1237",Track 02 Aug 2025 14-54-26 (1).rctrk,Track 02 Aug 2025 14-54-26 (1),-33.853754,151.215776,0.89,,
"1238",Track 02 Aug 2025 14-54-26 (1).rctrk,Track 02 Aug 2025 14-54-26 (1),-33.84966,151.233049,0.59,,
"1241",Track 02 Aug 2025 14-54-26 (1).rctrk,Track 02 Aug 2025 14-54-26 (1),-33.8542,151.217787,0.5,,
"1242",Track 02 Aug 2025 14-54-26 (1).rctrk,Track 02 Aug 2025 14-54-26 (1),-33.849832,151.230976,0.91,,
"1243",Track 02 Aug 2025 14-54-26 (1).rctrk,Track 02 Aug 2025 14-54-26 (1),-33.853417,151.231111,0.48,,
"1245",Track 02 Aug 2025 14-54-26 (1).rctrk,Track 02 Aug 2025 14-54-26 (1),-33.852173,151.225368,0.84,,
"1246",Track 02 Aug 2025 14-54-26 (1).rctrk,Track 02 Aug 2025 14-54-26 (1),-33.859432,151.212138,0.84,,
"1250",Track 02 Aug 2025 14-54-26 (1).rctrk,Track 02 Aug 2025 14-54-26 (1),-33.853583,151.232253,0.47,,
"1251",Track 02 Aug 2025 14-54-26 (1).rctrk,Track 02 Aug 2025 14-54-26 (1),-33.850797,151.229985,0.54,,
"1252",Track 02 Aug 2025 14-54-26 (1).rctrk,Track 02 Aug 2025 14-54-26 (1),-33.852744,151.205007,0.66,,
"1253",Track 02 Aug 2025 14-54-26 (1).rctrk,Track 02 Aug 2025 14-54-26 (1),-33.851034,151.231579,0.81,,
"1258",Track 02 Aug 2025 14-54-26 (1).rctrk,Track 02 Aug 2025 14-54-26 (1),-33.854866,151.218306,0.52,,
"1259",Track 02 Aug 2025 14-54-26 (1).rctrk,Track 02 Aug 2025 14-54-26 (1),-33.857698,151.240665,0.47,,
"1261",Track 02 Aug 2025 14-54-26 (1).rctrk,Track 02 Aug 2025 14-54-26 (1),-33.853919,151.215565,0.5,,
"1264",Track 02 Aug 2025 14-54-26 (1).rctrk,Track 02 Aug 2025 14-54-26 (1),-33.845905,151.238219,0.88,,
"1266",Track 02 Aug 2025 14-54-26 (1).rctrk,Track 02 Aug 2025 14-54-26 (1),-33.855658,151.211236,0.89,,
"1269",Track 02 Aug 2025 14-54-26 (1).rctrk,Track 02 Aug 2025 14-54-26 (1),-33.854264,151.219271,1,,
"1270",Track 02 Aug 2025 14-54-26 (1).rctrk,Track 02 Aug 2025 14-54-26 (1),-33.848075,151.237206,0.96,,
"1271",Track 02 Aug 2025 14-54-26 (1).rctrk,Track 02 Aug 2025 14-54-26 (1),-33.856017,151.21247,1.12,,
"1272",Track 02 Aug 2025 14-54-26 (1).rctrk,Track 02 Aug 2025 14-54-26 (1),-33.851774,151.227225,0.77,,
"1273",Track 02 Aug 2025 14-54-26 (1).rctrk,Track 02 Aug 2025 14-54-26 (1),-33.854415,151.218657,1,,
"1276",Track 02 Aug 2025 14-54-26 (1).rctrk,Track 02 Aug 2025 14-54-26 (1),-33.856418,151.232798,0.5,,
"1277",Track 02 Aug 2025 14-54-26 (1).rctrk,Track 02 Aug 2025 14-54-26 (1),-33.849155,151.235099,0.82,,
"1278",Track 02 Aug 2025 14-54-26 (1).rctrk,Track 02 Aug 2025 14-54-26 (1),-33.848942,151.235207,0.98,,
"1280",Track 02 Aug 2025 14-54-26 (1).rctrk,Track 02 Aug 2025 14-54-26 (1),-33.854989,151.218964,0.56,,
"1281",Track 02 Aug 2025 14-54-26 (1).rctrk,Track 02 Aug 2025 14-54-26 (1),-33.856449,151.246267,0.53,,
"1282",Track 02 Aug 2025 14-54-26 (1).rctrk,Track 02 Aug 2025 14-54-26 (1),-33.852839,151.223772,0.51,,
"1283",Track 02 Aug 2025 14-54-26 (1).rctrk,Track 02 Aug 2025 14-54-26 (1),-33.856223,151.230158,0.48,,
"1284",Track 02 Aug 2025 14-54-26 (1).rctrk,Track 02 Aug 2025 14-54-26 (1),-33.846851,151.237202,0.89,,
"1285",Track 02 Aug 2025 14-54-26 (1).rctrk,Track 02 Aug 2025 14-54-26 (1),-33.858647,151.198679,0.76,,
"1286",Track 02 Aug 2025 14-54-26 (1).rctrk,Track 02 Aug 2025 14-54-26 (1),-33.849733,151.231759,0.91,,
"1287",Track 02 Aug 2025 14-54-26 (1).rctrk,Track 02 Aug 2025 14-54-26 (1),-33.849752,151.232868,0.58,,
"1288",Track 02 Aug 2025 14-54-26 (1).rctrk,Track 02 Aug 2025 14-54-26 (1),-33.850201,151.228585,0.91,,
"1289",Track 02 Aug 2025 14-54-26 (1).rctrk,Track 02 Aug 2025 14-54-26 (1),-33.847023,151.237035,0.89,,
"1290",Track 02 Aug 2025 14-54-26 (1).rctrk,Track 02 Aug 2025 14-54-26 (1),-33.845961,151.233567,0.86,,
"1291",Track 02 Aug 2025 14-54-26 (1).rctrk,Track 02 Aug 2025 14-54-26 (1),-33.856909,151.198876,0.71,,
"1292",Track 02 Aug 2025 14-54-26 (1).rctrk,Track 02 Aug 2025 14-54-26 (1),-33.855976,151.244624,0.51,,
"1293",Track 02 Aug 2025 14-54-26 (1).rctrk,Track 02 Aug 2025 14-54-26 (1),-33.860864,151.255056,0.41,,
"1297",Track 02 Aug 2025 14-54-26 (1).rctrk,Track 02 Aug 2025 14-54-26 (1),-33.849361,151.233691,0.95,,
"1299",Track 02 Aug 2025 14-54-26 (1).rctrk,Track 02 Aug 2025 14-54-26 (1),-33.857952,151.241945,0.48,,
"1300",Track 02 Aug 2025 14-54-26 (1).rctrk,Track 02 Aug 2025 14-54-26 (1),-33.852697,151.20687,0.68,,
"1301",Track 02 Aug 2025 14-54-26 (1).rctrk,Track 02 Aug 2025 14-54-26 (1),-33.856246,151.226108,0.52,,
"1303",Track 02 Aug 2025 14-54-26 (1).rctrk,Track 02 Aug 2025 14-54-26 (1),-33.858677,151.252125,0.52,,
"1306",Track 02 Aug 2025 14-54-26 (1).rctrk,Track 02 Aug 2025 14-54-26 (1),-33.854954,151.211901,0.99,,
"1310",Track 02 Aug 2025 14-54-26 (1).rctrk,Track 02 Aug 2025 14-54-26 (1),-33.853206,151.228827,0.52,,
"1311",Track 02 Aug 2025 14-54-26 (1).rctrk,Track 02 Aug 2025 14-54-26 (1),-33.861924,151.199222,0.78,,
"1312",Track 02 Aug 2025 14-54-26 (1).rctrk,Track 02 Aug 2025 14-54-26 (1),-33.855301,151.215622,0.68,,
"1313",Track 02 Aug 2025 14-54-26 (1).rctrk,Track 02 Aug 2025 14-54-26 (1),-33.857338,151.211083,1.04,,
"1316",Track 02 Aug 2025 14-54-26 (1).rctrk,Track 02 Aug 2025 14-54-26 (1),-33.856259,151.230702,0.49,,
"1318",Track 02 Aug 2025 14-54-26 (1).rctrk,Track 02 Aug 2025 14-54-26 (1),-33.858854,151.212157,0.84,,
"1319",Track 02 Aug 2025 14-54-26 (1).rctrk,Track 02 Aug 2025 14-54-26 (1),-33.855617,151.199347,0.73,,
"1320",Track 02 Aug 2025 14-54-26 (1).rctrk,Track 02 Aug 2025 14-54-26 (1),-33.85276,151.207724,0.7,,
"1321",Track 02 Aug 2025 14-54-26 (1).rctrk,Track 02 Aug 2025 14-54-26 (1),-33.853687,151.225532,0.5,,
"1322",Track 02 Aug 2025 14-54-26 (1).rctrk,Track 02 Aug 2025 14-54-26 (1),-33.855433,151.199441,0.72,,
"1323",Track 02 Aug 2025 14-54-26 (1).rctrk,Track 02 Aug 2025 14-54-26 (1),-33.856249,151.225845,0.52,,
"1327",Track 02 Aug 2025 14-54-26 (1).rctrk,Track 02 Aug 2025 14-54-26 (1),-33.855488,151.21149,0.99,,
"1328",Track 02 Aug 2025 14-54-26 (1).rctrk,Track 02 Aug 2025 14-54-26 (1),-33.855125,151.211749,0.98,,
"1331",Track 02 Aug 2025 14-54-26 (1).rctrk,Track 02 Aug 2025 14-54-26 (1),-33.846187,151.23785,0.88,,
"1332",Track 02 Aug 2025 14-54-26 (1).rctrk,Track 02 Aug 2025 14-54-26 (1),-33.85703,151.211151,1,,
"1333",Track 02 Aug 2025 14-54-26 (1).rctrk,Track 02 Aug 2025 14-54-26 (1),-33.846573,151.239146,0.97,,
"1334",Track 02 Aug 2025 14-54-26 (1).rctrk,Track 02 Aug 2025 14-54-26 (1),-33.851713,151.22772,0.74,,
"1335",Track 02 Aug 2025 14-54-26 (1).rctrk,Track 02 Aug 2025 14-54-26 (1),-33.858944,151.212309,0.83,,
"1337",Track 02 Aug 2025 14-54-26 (1).rctrk,Track 02 Aug 2025 14-54-26 (1),-33.853998,151.214916,0.54,,
"1338",Track 02 Aug 2025 14-54-26 (1).rctrk,Track 02 Aug 2025 14-54-26 (1),-33.855257,151.199547,0.72,,
"1339",Track 02 Aug 2025 14-54-26 (1).rctrk,Track 02 Aug 2025 14-54-26 (1),-33.850897,151.232055,0.8,,
"1342",Track 02 Aug 2025 14-54-26 (1).rctrk,Track 02 Aug 2025 14-54-26 (1),-33.854387,151.216575,0.61,,
"1344",Track 02 Aug 2025 14-54-26 (1).rctrk,Track 02 Aug 2025 14-54-26 (1),-33.860522,151.253567,0.43,,
"1345",Track 02 Aug 2025 14-54-26 (1).rctrk,Track 02 Aug 2025 14-54-26 (1),-33.854798,151.214221,1,,
"1349",Track 02 Aug 2025 14-54-26 (1).rctrk,Track 02 Aug 2025 14-54-26 (1),-33.858888,151.252664,0.51,,
"1350",Track 02 Aug 2025 14-54-26 (1).rctrk,Track 02 Aug 2025 14-54-26 (1),-33.856086,151.21252,0.6,,
"1351",Track 02 Aug 2025 14-54-26 (1).rctrk,Track 02 Aug 2025 14-54-26 (1),-33.852895,151.208533,0.73,,
"1352",Track 02 Aug 2025 14-54-26 (1).rctrk,Track 02 Aug 2025 14-54-26 (1),-33.857652,151.240409,0.47,,
"1353",Track 02 Aug 2025 14-54-26 (1).rctrk,Track 02 Aug 2025 14-54-26 (1),-33.855631,151.243258,0.51,,
"1354",Track 02 Aug 2025 14-54-26 (1).rctrk,Track 02 Aug 2025 14-54-26 (1),-33.853354,151.202031,0.69,,
"1355",Track 02 Aug 2025 14-54-26 (1).rctrk,Track 02 Aug 2025 14-54-26 (1),-33.852216,151.225252,0.82,,
"1356",Track 02 Aug 2025 14-54-26 (1).rctrk,Track 02 Aug 2025 14-54-26 (1),-33.851467,151.229329,0.79,,
"1358",Track 02 Aug 2025 14-54-26 (1).rctrk,Track 02 Aug 2025 14-54-26 (1),-33.849932,151.234157,0.79,,
"1361",Track 02 Aug 2025 14-54-26 (1).rctrk,Track 02 Aug 2025 14-54-26 (1),-33.859265,151.212048,1.11,,
"1362",Track 02 Aug 2025 14-54-26 (1).rctrk,Track 02 Aug 2025 14-54-26 (1),-33.856695,151.247076,0.52,,
"1364",Track 02 Aug 2025 14-54-26 (1).rctrk,Track 02 Aug 2025 14-54-26 (1),-33.862845,151.199505,0.78,,
"1367",Track 02 Aug 2025 14-54-26 (1).rctrk,Track 02 Aug 2025 14-54-26 (1),-33.854072,151.235363,0.48,,
"1368",Track 02 Aug 2025 14-54-26 (1).rctrk,Track 02 Aug 2025 14-54-26 (1),-33.852201,151.223704,0.9,,
"1369",Track 02 Aug 2025 14-54-26 (1).rctrk,Track 02 Aug 2025 14-54-26 (1),-33.856766,151.213077,0.7,,
"1370",Track 02 Aug 2025 14-54-26 (1).rctrk,Track 02 Aug 2025 14-54-26 (1),-33.854881,151.211094,0.84,,
"1371",Track 02 Aug 2025 14-54-26 (1).rctrk,Track 02 Aug 2025 14-54-26 (1),-33.854705,151.214526,0.64,,
"1372",Track 02 Aug 2025 14-54-26 (1).rctrk,Track 02 Aug 2025 14-54-26 (1),-33.851538,151.228845,0.76,,
"1373",Track 02 Aug 2025 14-54-26 (1).rctrk,Track 02 Aug 2025 14-54-26 (1),-33.856707,151.234571,0.48,,
"1375",Track 02 Aug 2025 14-54-26 (1).rctrk,Track 02 Aug 2025 14-54-26 (1),-33.859047,151.212137,0.89,,
"1376",Track 02 Aug 2025 14-54-26 (1).rctrk,Track 02 Aug 2025 14-54-26 (1),-33.85276,151.223973,0.5,,
"1377",Track 02 Aug 2025 14-54-26 (1).rctrk,Track 02 Aug 2025 14-54-26 (1),-33.850072,151.233935,0.8,,
"1378",Track 02 Aug 2025 14-54-26 (1).rctrk,Track 02 Aug 2025 14-54-26 (1),-33.855577,151.211454,0.99,,
"1380",Track 02 Aug 2025 14-54-26 (1).rctrk,Track 02 Aug 2025 14-54-26 (1),-33.855117,151.24102,0.51,,
"1381",Track 02 Aug 2025 14-54-26 (1).rctrk,Track 02 Aug 2025 14-54-26 (1),-33.851637,151.228224,0.74,,
"1382",Track 02 Aug 2025 14-54-26 (1).rctrk,Track 02 Aug 2025 14-54-26 (1),-33.854869,151.213981,1,,
"1383",Track 02 Aug 2025 14-54-26 (1).rctrk,Track 02 Aug 2025 14-54-26 (1),-33.852135,151.225491,0.84,,
"1386",Track 02 Aug 2025 14-54-26 (1).rctrk,Track 02 Aug 2025 14-54-26 (1),-33.854068,151.217234,0.5,,
"1388",Track 02 Aug 2025 14-54-26 (1).rctrk,Track 02 Aug 2025 14-54-26 (1),-33.857966,151.212256,0.71,,
"1392",Track 02 Aug 2025 14-54-26 (1).rctrk,Track 02 Aug 2025 14-54-26 (1),-33.855033,151.217581,0.55,,
"1393",Track 02 Aug 2025 14-54-26 (1).rctrk,Track 02 Aug 2025 14-54-26 (1),-33.854922,151.199779,0.72,,
"1395",Track 02 Aug 2025 14-54-26 (1).rctrk,Track 02 Aug 2025 14-54-26 (1),-33.859116,151.212134,1.11,,
"1396",Track 02 Aug 2025 14-54-26 (1).rctrk,Track 02 Aug 2025 14-54-26 (1),-33.853847,151.214867,0.91,,
"1397",Track 02 Aug 2025 14-54-26 (1).rctrk,Track 02 Aug 2025 14-54-26 (1),-33.850993,151.229413,0.52,,
"1398",Track 02 Aug 2025 14-54-26 (1).rctrk,Track 02 Aug 2025 14-54-26 (1),-33.859169,151.210786,1.38,,
"1399",Track 02 Aug 2025 14-54-26 (1).rctrk,Track 02 Aug 2025 14-54-26 (1),-33.853976,151.216736,0.5,,
"1400",Track 02 Aug 2025 14-54-26 (1).rctrk,Track 02 Aug 2025 14-54-26 (1),-33.854525,151.219251,0.51,,
"1401",Track 02 Aug 2025 14-54-26 (1).rctrk,Track 02 Aug 2025 14-54-26 (1),-33.857895,151.241683,0.48,,
"1402",Track 02 Aug 2025 14-54-26 (1).rctrk,Track 02 Aug 2025 14-54-26 (1),-33.858061,151.212246,0.72,,
"1403",Track 02 Aug 2025 14-54-26 (1).rctrk,Track 02 Aug 2025 14-54-26 (1),-33.851239,151.228521,0.52,,
"1404",Track 02 Aug 2025 14-54-26 (1).rctrk,Track 02 Aug 2025 14-54-26 (1),-33.854701,151.217033,1.02,,
"1406",Track 02 Aug 2025 14-54-26 (1).rctrk,Track 02 Aug 2025 14-54-26 (1),-33.849956,151.229907,0.93,,
"1410",Track 02 Aug 2025 14-54-26 (1).rctrk,Track 02 Aug 2025 14-54-26 (1),-33.854754,151.215114,1,,
"1413",Track 02 Aug 2025 14-54-26 (1).rctrk,Track 02 Aug 2025 14-54-26 (1),-33.854603,151.213508,0.55,,
"1414",Track 02 Aug 2025 14-54-26 (1).rctrk,Track 02 Aug 2025 14-54-26 (1),-33.854647,151.21741,1.01,,
"1415",Track 02 Aug 2025 14-54-26 (1).rctrk,Track 02 Aug 2025 14-54-26 (1),-33.853966,151.217314,0.89,,
"1418",Track 02 Aug 2025 14-54-26 (1).rctrk,Track 02 Aug 2025 14-54-26 (1),-33.854748,151.214722,1.02,,
"1419",Track 02 Aug 2025 14-54-26 (1).rctrk,Track 02 Aug 2025 14-54-26 (1),-33.855496,151.242694,0.5,,
"1421",Track 02 Aug 2025 14-54-26 (1).rctrk,Track 02 Aug 2025 14-54-26 (1),-33.857558,151.211824,1.05,,
"1422",Track 02 Aug 2025 14-54-26 (1).rctrk,Track 02 Aug 2025 14-54-26 (1),-33.85362,151.232547,0.46,,
"1428",Track 02 Aug 2025 14-54-26 (1).rctrk,Track 02 Aug 2025 14-54-26 (1),-33.848974,151.235074,0.99,,
"1429",Track 02 Aug 2025 14-54-26 (1).rctrk,Track 02 Aug 2025 14-54-26 (1),-33.852792,151.207887,0.71,,
"1430",Track 02 Aug 2025 14-54-26 (1).rctrk,Track 02 Aug 2025 14-54-26 (1),-33.859292,151.247578,0.45,,
"1433",Track 02 Aug 2025 14-54-26 (1).rctrk,Track 02 Aug 2025 14-54-26 (1),-33.854685,151.238806,0.5,,
"1434",Track 02 Aug 2025 14-54-26 (1).rctrk,Track 02 Aug 2025 14-54-26 (1),-33.856164,151.199113,0.71,,
"1435",Track 02 Aug 2025 14-54-26 (1).rctrk,Track 02 Aug 2025 14-54-26 (1),-33.8538,151.210493,0.78,,
"1437",Track 02 Aug 2025 14-54-26 (1).rctrk,Track 02 Aug 2025 14-54-26 (1),-33.847765,151.233911,0.76,,
"1438",Track 02 Aug 2025 14-54-26 (1).rctrk,Track 02 Aug 2025 14-54-26 (1),-33.845391,151.233369,0.89,,
"1439",Track 02 Aug 2025 14-54-26 (1).rctrk,Track 02 Aug 2025 14-54-26 (1),-33.855344,151.215199,0.71,,
"1440",Track 02 Aug 2025 14-54-26 (1).rctrk,Track 02 Aug 2025 14-54-26 (1),-33.860041,151.251065,0.43,,
"1441",Track 02 Aug 2025 14-54-26 (1).rctrk,Track 02 Aug 2025 14-54-26 (1),-33.852725,151.205847,0.66,,
"1442",Track 02 Aug 2025 14-54-26 (1).rctrk,Track 02 Aug 2025 14-54-26 (1),-33.853245,151.22798,0.52,,
"1443",Track 02 Aug 2025 14-54-26 (1).rctrk,Track 02 Aug 2025 14-54-26 (1),-33.856163,151.224029,0.52,,
"1444",Track 02 Aug 2025 14-54-26 (1).rctrk,Track 02 Aug 2025 14-54-26 (1),-33.855623,151.214142,0.78,,
"1445",Track 02 Aug 2025 14-54-26 (1).rctrk,Track 02 Aug 2025 14-54-26 (1),-33.854052,151.220019,0.97,,
"1449",Track 02 Aug 2025 14-54-26 (1).rctrk,Track 02 Aug 2025 14-54-26 (1),-33.851407,151.225446,0.9,,
"1450",Track 02 Aug 2025 14-54-26 (1).rctrk,Track 02 Aug 2025 14-54-26 (1),-33.855378,151.21297,1.08,,
"1451",Track 02 Aug 2025 14-54-26 (1).rctrk,Track 02 Aug 2025 14-54-26 (1),-33.857313,151.238384,0.47,,
"1452",Track 02 Aug 2025 14-54-26 (1).rctrk,Track 02 Aug 2025 14-54-26 (1),-33.856898,151.23587,0.47,,
"1453",Track 02 Aug 2025 14-54-26 (1).rctrk,Track 02 Aug 2025 14-54-26 (1),-33.855234,151.213165,1.06,,
"1455",Track 02 Aug 2025 14-54-26 (1).rctrk,Track 02 Aug 2025 14-54-26 (1),-33.851405,151.227924,0.51,,
"1457",Track 02 Aug 2025 14-54-26 (1).rctrk,Track 02 Aug 2025 14-54-26 (1),-33.847856,151.23392,0.75,,
"1459",Track 02 Aug 2025 14-54-26 (1).rctrk,Track 02 Aug 2025 14-54-26 (1),-33.847876,151.237507,0.97,,
"1468",Track 02 Aug 2025 14-54-26 (1).rctrk,Track 02 Aug 2025 14-54-26 (1),-33.854335,151.219028,0.99,,
"1469",Track 02 Aug 2025 14-54-26 (1).rctrk,Track 02 Aug 2025 14-54-26 (1),-33.858523,151.212461,0.8,,
"1470",Track 02 Aug 2025 14-54-26 (1).rctrk,Track 02 Aug 2025 14-54-26 (1),-33.858477,151.244592,0.46,,
"1472",Track 02 Aug 2025 14-54-26 (1).rctrk,Track 02 Aug 2025 14-54-26 (1),-33.854912,151.213858,1.01,,
"1473",Track 02 Aug 2025 14-54-26 (1).rctrk,Track 02 Aug 2025 14-54-26 (1),-33.854198,151.23618,0.49,,
"1474",Track 02 Aug 2025 14-54-26 (1).rctrk,Track 02 Aug 2025 14-54-26 (1),-33.857103,151.237127,0.48,,
"1475",Track 02 Aug 2025 14-54-26 (1).rctrk,Track 02 Aug 2025 14-54-26 (1),-33.854752,151.216399,1.01,,
"1482",Track 02 Aug 2025 14-54-26 (1).rctrk,Track 02 Aug 2025 14-54-26 (1),-33.851358,151.229966,0.82,,
"1483",Track 02 Aug 2025 14-54-26 (1).rctrk,Track 02 Aug 2025 14-54-26 (1),-33.858789,151.212379,0.81,,
"1484",Track 02 Aug 2025 14-54-26 (1).rctrk,Track 02 Aug 2025 14-54-26 (1),-33.854838,151.23963,0.5,,
"1485",Track 02 Aug 2025 14-54-26 (1).rctrk,Track 02 Aug 2025 14-54-26 (1),-33.852342,151.225248,0.52,,
"1486",Track 02 Aug 2025 14-54-26 (1).rctrk,Track 02 Aug 2025 14-54-26 (1),-33.86093,151.255291,0.41,,
"1490",Track 02 Aug 2025 14-54-26 (1).rctrk,Track 02 Aug 2025 14-54-26 (1),-33.856981,151.211305,1.11,,
"1492",Track 02 Aug 2025 14-54-26 (1).rctrk,Track 02 Aug 2025 14-54-26 (1),-33.851595,151.224952,0.91,,
"1497",Track 02 Aug 2025 14-54-26 (1).rctrk,Track 02 Aug 2025 14-54-26 (1),-33.854855,151.218487,0.57,,
"1498",Track 02 Aug 2025 14-54-26 (1).rctrk,Track 02 Aug 2025 14-54-26 (1),-33.85389,151.218879,0.84,,
"1500",Track 02 Aug 2025 14-54-26 (1).rctrk,Track 02 Aug 2025 14-54-26 (1),-33.854617,151.220093,0.52,,
"1503",Track 02 Aug 2025 14-54-26 (1).rctrk,Track 02 Aug 2025 14-54-26 (1),-33.85904,151.198705,0.75,,
"1507",Track 02 Aug 2025 14-54-26 (1).rctrk,Track 02 Aug 2025 14-54-26 (1),-33.855082,151.199654,0.72,,
"1510",Track 02 Aug 2025 14-54-26 (1).rctrk,Track 02 Aug 2025 14-54-26 (1),-33.857989,151.250511,0.52,,
"1511",Track 02 Aug 2025 14-54-26 (1).rctrk,Track 02 Aug 2025 14-54-26 (1),-33.854362,151.215504,0.61,,
"1514",Track 02 Aug 2025 14-54-26 (1).rctrk,Track 02 Aug 2025 14-54-26 (1),-33.857743,151.212816,0.97,,
"1516",Track 02 Aug 2025 14-54-26 (1).rctrk,Track 02 Aug 2025 14-54-26 (1),-33.84626,151.237775,0.88,,
"1520",Track 02 Aug 2025 14-54-26 (1).rctrk,Track 02 Aug 2025 14-54-26 (1),-33.852548,151.224156,0.85,,
"1521",Track 02 Aug 2025 14-54-26 (1).rctrk,Track 02 Aug 2025 14-54-26 (1),-33.85533,151.215419,0.68,,
"1522",Track 02 Aug 2025 14-54-26 (1).rctrk,Track 02 Aug 2025 14-54-26 (1),-33.853438,151.221063,0.88,,
"1524",Track 02 Aug 2025 14-54-26 (1).rctrk,Track 02 Aug 2025 14-54-26 (1),-33.852723,151.205505,0.65,,
"1525",Track 02 Aug 2025 14-54-26 (1).rctrk,Track 02 Aug 2025 14-54-26 (1),-33.854088,151.219891,0.97,,
"1526",Track 02 Aug 2025 14-54-26 (1).rctrk,Track 02 Aug 2025 14-54-26 (1),-33.860187,151.251809,0.43,,
"1528",Track 02 Aug 2025 14-54-26 (1).rctrk,Track 02 Aug 2025 14-54-26 (1),-33.859324,151.211104,1.14,,
"1529",Track 02 Aug 2025 14-54-26 (1).rctrk,Track 02 Aug 2025 14-54-26 (1),-33.857415,151.211885,1.04,,
"1530",Track 02 Aug 2025 14-54-26 (1).rctrk,Track 02 Aug 2025 14-54-26 (1),-33.856191,151.229073,0.48,,
"1534",Track 02 Aug 2025 14-54-26 (1).rctrk,Track 02 Aug 2025 14-54-26 (1),-33.854582,151.238243,0.5,,
"1535",Track 02 Aug 2025 14-54-26 (1).rctrk,Track 02 Aug 2025 14-54-26 (1),-33.861737,151.199163,0.78,,
"1536",Track 02 Aug 2025 14-54-26 (1).rctrk,Track 02 Aug 2025 14-54-26 (1),-33.853553,151.210096,0.78,,
"1537",Track 02 Aug 2025 14-54-26 (1).rctrk,Track 02 Aug 2025 14-54-26 (1),-33.858511,151.212484,1.05,,
"1541",Track 02 Aug 2025 14-54-26 (1).rctrk,Track 02 Aug 2025 14-54-26 (1),-33.855903,151.211413,0.99,,
"1543",Track 02 Aug 2025 14-54-26 (1).rctrk,Track 02 Aug 2025 14-54-26 (1),-33.853792,151.215261,0.91,,
"1545",Track 02 Aug 2025 14-54-26 (1).rctrk,Track 02 Aug 2025 14-54-26 (1),-33.85878,151.245829,0.45,,
"1548",Track 02 Aug 2025 14-54-26 (1).rctrk,Track 02 Aug 2025 14-54-26 (1),-33.84794,151.237407,0.96,,
"1550",Track 02 Aug 2025 14-54-26 (1).rctrk,Track 02 Aug 2025 14-54-26 (1),-33.854327,151.200346,0.7,,
"1553",Track 02 Aug 2025 14-54-26 (1).rctrk,Track 02 Aug 2025 14-54-26 (1),-33.853323,151.227427,0.52,,
"1555",Track 02 Aug 2025 14-54-26 (1).rctrk,Track 02 Aug 2025 14-54-26 (1),-33.848509,151.236451,0.96,,
"1559",Track 02 Aug 2025 14-54-26 (1).rctrk,Track 02 Aug 2025 14-54-26 (1),-33.857642,151.24973,0.52,,
"1563",Track 02 Aug 2025 14-54-26 (1).rctrk,Track 02 Aug 2025 14-54-26 (1),-33.858848,151.210833,1.34,,
"1567",Track 02 Aug 2025 14-54-26 (1).rctrk,Track 02 Aug 2025 14-54-26 (1),-33.855141,151.21702,0.56,,
"1568",Track 02 Aug 2025 14-54-26 (1).rctrk,Track 02 Aug 2025 14-54-26 (1),-33.855778,151.221981,0.54,,
"1571",Track 02 Aug 2025 14-54-26 (1).rctrk,Track 02 Aug 2025 14-54-26 (1),-33.857115,151.248426,0.52,,
"1572",Track 02 Aug 2025 14-54-26 (1).rctrk,Track 02 Aug 2025 14-54-26 (1),-33.84956,151.233218,0.6,,
"1576",Track 02 Aug 2025 14-54-26 (1).rctrk,Track 02 Aug 2025 14-54-26 (1),-33.859221,151.247317,0.45,,
"1577",Track 02 Aug 2025 14-54-26 (1).rctrk,Track 02 Aug 2025 14-54-26 (1),-33.85348,151.222001,0.5,,
"1580",Track 02 Aug 2025 14-54-26 (1).rctrk,Track 02 Aug 2025 14-54-26 (1),-33.857874,151.198718,0.75,,
"1581",Track 02 Aug 2025 14-54-26 (1).rctrk,Track 02 Aug 2025 14-54-26 (1),-33.855533,151.213671,0.64,,
"1583",Track 02 Aug 2025 14-54-26 (1).rctrk,Track 02 Aug 2025 14-54-26 (1),-33.853965,151.215074,0.51,,
"1588",Track 02 Aug 2025 14-54-26 (1).rctrk,Track 02 Aug 2025 14-54-26 (1),-33.856228,151.227441,0.49,,
"1591",Track 02 Aug 2025 14-54-26 (1).rctrk,Track 02 Aug 2025 14-54-26 (1),-33.856257,151.225585,0.52,,
"1592",Track 02 Aug 2025 14-54-26 (1).rctrk,Track 02 Aug 2025 14-54-26 (1),-33.856674,151.213275,0.86,,
"1593",Track 02 Aug 2025 14-54-26 (1).rctrk,Track 02 Aug 2025 14-54-26 (1),-33.854237,151.220115,0.49,,
"1595",Track 02 Aug 2025 14-54-26 (1).rctrk,Track 02 Aug 2025 14-54-26 (1),-33.846214,151.233594,0.86,,
"1597",Track 02 Aug 2025 14-54-26 (1).rctrk,Track 02 Aug 2025 14-54-26 (1),-33.85395,151.216566,0.5,,
"1598",Track 02 Aug 2025 14-54-26 (1).rctrk,Track 02 Aug 2025 14-54-26 (1),-33.85513,151.21399,0.62,,
"1600",Track 02 Aug 2025 14-54-26 (1).rctrk,Track 02 Aug 2025 14-54-26 (1),-33.857607,151.212299,0.68,,
"1601",Track 02 Aug 2025 14-54-26 (1).rctrk,Track 02 Aug 2025 14-54-26 (1),-33.850356,151.231314,0.6,,
"1602",Track 02 Aug 2025 14-54-26 (1).rctrk,Track 02 Aug 2025 14-54-26 (1),-33.852716,151.207373,0.7,,
"1603",Track 02 Aug 2025 14-54-26 (1).rctrk,Track 02 Aug 2025 14-54-26 (1),-33.858703,151.212415,0.8,,
"1605",Track 02 Aug 2025 14-54-26 (1).rctrk,Track 02 Aug 2025 14-54-26 (1),-33.846492,151.233683,0.86,,
"1606",Track 02 Aug 2025 14-54-26 (1).rctrk,Track 02 Aug 2025 14-54-26 (1),-33.852867,151.222479,0.89,,
"1607",Track 02 Aug 2025 14-54-26 (1).rctrk,Track 02 Aug 2025 14-54-26 (1),-33.854885,151.213167,0.58,,
"1608",Track 02 Aug 2025 14-54-26 (1).rctrk,Track 02 Aug 2025 14-54-26 (1),-33.861199,151.256253,0.41,,
"1609",Track 02 Aug 2025 14-54-26 (1).rctrk,Track 02 Aug 2025 14-54-26 (1),-33.853365,151.222316,0.49,,
"1610",Track 02 Aug 2025 14-54-26 (1).rctrk,Track 02 Aug 2025 14-54-26 (1),-33.854831,151.214098,1.01,,
"1611",Track 02 Aug 2025 14-54-26 (1).rctrk,Track 02 Aug 2025 14-54-26 (1),-33.85437,151.216395,0.61,,
"1615",Track 02 Aug 2025 14-54-26 (1).rctrk,Track 02 Aug 2025 14-54-26 (1),-33.854743,151.218673,0.52,,
"1617",Track 02 Aug 2025 14-54-26 (1).rctrk,Track 02 Aug 2025 14-54-26 (1),-33.85309,151.209136,0.76,,
"1620",Track 02 Aug 2025 14-54-26 (1).rctrk,Track 02 Aug 2025 14-54-26 (1),-33.853461,151.221901,0.9,,
"1621",Track 02 Aug 2025 14-54-26 (1).rctrk,Track 02 Aug 2025 14-54-26 (1),-33.854749,151.214602,1.01,,
"1622",Track 02 Aug 2025 14-54-26 (1).rctrk,Track 02 Aug 2025 14-54-26 (1),-33.853273,151.202244,0.7,,
"1623",Track 02 Aug 2025 14-54-26 (1).rctrk,Track 02 Aug 2025 14-54-26 (1),-33.852786,151.204667,0.66,,
"1625",Track 02 Aug 2025 14-54-26 (1).rctrk,Track 02 Aug 2025 14-54-26 (1),-33.847939,151.23625,0.87,,
"1626",Track 02 Aug 2025 14-54-26 (1).rctrk,Track 02 Aug 2025 14-54-26 (1),-33.853925,151.215398,0.5,,
"1628",Track 02 Aug 2025 14-54-26 (1).rctrk,Track 02 Aug 2025 14-54-26 (1),-33.856244,151.225068,0.52,,
"1629",Track 02 Aug 2025 14-54-26 (1).rctrk,Track 02 Aug 2025 14-54-26 (1),-33.853714,151.219928,0.86,,
"1633",Track 02 Aug 2025 14-54-26 (1).rctrk,Track 02 Aug 2025 14-54-26 (1),-33.850607,151.230549,0.57,,
"1634",Track 02 Aug 2025 14-54-26 (1).rctrk,Track 02 Aug 2025 14-54-26 (1),-33.847762,151.236422,0.87,,
"1635",Track 02 Aug 2025 14-54-26 (1).rctrk,Track 02 Aug 2025 14-54-26 (1),-33.854897,151.239904,0.51,,
"1636",Track 02 Aug 2025 14-54-26 (1).rctrk,Track 02 Aug 2025 14-54-26 (1),-33.856233,151.224806,0.53,,
"1637",Track 02 Aug 2025 14-54-26 (1).rctrk,Track 02 Aug 2025 14-54-26 (1),-33.85533,151.215306,0.69,,
"1638",Track 02 Aug 2025 14-54-26 (1).rctrk,Track 02 Aug 2025 14-54-26 (1),-33.846501,151.239216,0.98,,
"1639",Track 02 Aug 2025 14-54-26 (1).rctrk,Track 02 Aug 2025 14-54-26 (1),-33.849045,151.23482,0.98,,
"1640",Track 02 Aug 2025 14-54-26 (1).rctrk,Track 02 Aug 2025 14-54-26 (1),-33.855058,151.219217,0.57,,
"1642",Track 02 Aug 2025 14-54-26 (1).rctrk,Track 02 Aug 2025 14-54-26 (1),-33.859506,151.211015,1.46,,
"1646",Track 02 Aug 2025 14-54-26 (1).rctrk,Track 02 Aug 2025 14-54-26 (1),-33.856858,151.235616,0.47,,
"1647",Track 02 Aug 2025 14-54-26 (1).rctrk,Track 02 Aug 2025 14-54-26 (1),-33.854449,151.222323,0.5,,
"1649",Track 02 Aug 2025 14-54-26 (1).rctrk,Track 02 Aug 2025 14-54-26 (1),-33.85463,151.23853,0.5,,
"1651",Track 02 Aug 2025 14-54-26 (1).rctrk,Track 02 Aug 2025 14-54-26 (1),-33.849925,151.232456,0.59,,
"1653",Track 02 Aug 2025 14-54-26 (1).rctrk,Track 02 Aug 2025 14-54-26 (1),-33.855766,151.243801,0.5,,
"1654",Track 02 Aug 2025 14-54-26 (1).rctrk,Track 02 Aug 2025 14-54-26 (1),-33.852914,151.203829,0.66,,
"1655",Track 02 Aug 2025 14-54-26 (1).rctrk,Track 02 Aug 2025 14-54-26 (1),-33.852577,151.22447,0.5,,
"1658",Track 02 Aug 2025 14-54-26 (1).rctrk,Track 02 Aug 2025 14-54-26 (1),-33.858921,151.246336,0.44,,
"1659",Track 02 Aug 2025 14-54-26 (1).rctrk,Track 02 Aug 2025 14-54-26 (1),-33.846902,151.23881,0.99,,
"1660",Track 02 Aug 2025 14-54-26 (1).rctrk,Track 02 Aug 2025 14-54-26 (1),-33.861351,151.199049,0.77,,
"1664",Track 02 Aug 2025 14-54-26 (1).rctrk,Track 02 Aug 2025 14-54-26 (1),-33.847738,151.237719,1,,
"1666",Track 02 Aug 2025 14-54-26 (1).rctrk,Track 02 Aug 2025 14-54-26 (1),-33.854626,151.214677,0.64,,
"1667",Track 02 Aug 2025 14-54-26 (1).rctrk,Track 02 Aug 2025 14-54-26 (1),-33.856224,151.227715,0.49,,
"1668",Track 02 Aug 2025 14-54-26 (1).rctrk,Track 02 Aug 2025 14-54-26 (1),-33.852944,151.223474,0.51,,
"1670",Track 02 Aug 2025 14-54-26 (1).rctrk,Track 02 Aug 2025 14-54-26 (1),-33.85749,151.21106,1.04,,
"1671",Track 02 Aug 2025 14-54-26 (1).rctrk,Track 02 Aug 2025 14-54-26 (1),-33.856962,151.212396,0.65,,
"1675",Track 02 Aug 2025 14-54-26 (1).rctrk,Track 02 Aug 2025 14-54-26 (1),-33.85622,151.212377,1.08,,
"1679",Track 02 Aug 2025 14-54-26 (1).rctrk,Track 02 Aug 2025 14-54-26 (1),-33.845129,151.233237,0.9,,
"1683",Track 02 Aug 2025 14-54-26 (1).rctrk,Track 02 Aug 2025 14-54-26 (1),-33.859346,151.212169,0.84,,
"1685",Track 02 Aug 2025 14-54-26 (1).rctrk,Track 02 Aug 2025 14-54-26 (1),-33.855,151.213619,1.02,,
"1688",Track 02 Aug 2025 14-54-26 (1).rctrk,Track 02 Aug 2025 14-54-26 (1),-33.848371,151.235848,0.86,,
"1690",Track 02 Aug 2025 14-54-26 (1).rctrk,Track 02 Aug 2025 14-54-26 (1),-33.859443,151.2543,0.5,,
"1691",Track 02 Aug 2025 14-54-26 (1).rctrk,Track 02 Aug 2025 14-54-26 (1),-33.855062,151.217405,0.55,,
"1693",Track 02 Aug 2025 14-54-26 (1).rctrk,Track 02 Aug 2025 14-54-26 (1),-33.850884,151.226644,0.89,,
"1695",Track 02 Aug 2025 14-54-26 (1).rctrk,Track 02 Aug 2025 14-54-26 (1),-33.855361,151.215092,0.72,,
"1696",Track 02 Aug 2025 14-54-26 (1).rctrk,Track 02 Aug 2025 14-54-26 (1),-33.850477,151.230926,0.57,,
"1698",Track 02 Aug 2025 14-54-26 (1).rctrk,Track 02 Aug 2025 14-54-26 (1),-33.856275,151.230968,0.49,,
"1699",Track 02 Aug 2025 14-54-26 (1).rctrk,Track 02 Aug 2025 14-54-26 (1),-33.85404,151.217971,0.89,,
"1700",Track 02 Aug 2025 14-54-26 (1).rctrk,Track 02 Aug 2025 14-54-26 (1),-33.854117,151.214448,0.55,,
"1702",Track 02 Aug 2025 14-54-26 (1).rctrk,Track 02 Aug 2025 14-54-26 (1),-33.858852,151.211286,1.09,,
"1703",Track 02 Aug 2025 14-54-26 (1).rctrk,Track 02 Aug 2025 14-54-26 (1),-33.853335,151.209701,0.77,,
"1704",Track 02 Aug 2025 14-54-26 (1).rctrk,Track 02 Aug 2025 14-54-26 (1),-33.854929,151.218072,0.53,,
"1705",Track 02 Aug 2025 14-54-26 (1).rctrk,Track 02 Aug 2025 14-54-26 (1),-33.851206,151.225931,0.9,,
"1706",Track 02 Aug 2025 14-54-26 (1).rctrk,Track 02 Aug 2025 14-54-26 (1),-33.854266,151.223129,0.5,,
"1707",Track 02 Aug 2025 14-54-26 (1).rctrk,Track 02 Aug 2025 14-54-26 (1),-33.853919,151.216065,0.49,,
"1709",Track 02 Aug 2025 14-54-26 (1).rctrk,Track 02 Aug 2025 14-54-26 (1),-33.858713,151.245586,0.45,,
"1710",Track 02 Aug 2025 14-54-26 (1).rctrk,Track 02 Aug 2025 14-54-26 (1),-33.854595,151.217786,0.99,,
"1712",Track 02 Aug 2025 14-54-26 (1).rctrk,Track 02 Aug 2025 14-54-26 (1),-33.858067,151.198701,0.76,,
"1714",Track 02 Aug 2025 14-54-26 (1).rctrk,Track 02 Aug 2025 14-54-26 (1),-33.854354,151.21845,0.51,,
"1715",Track 02 Aug 2025 14-54-26 (1).rctrk,Track 02 Aug 2025 14-54-26 (1),-33.857351,151.238637,0.48,,
"1716",Track 02 Aug 2025 14-54-26 (1).rctrk,Track 02 Aug 2025 14-54-26 (1),-33.858329,151.243957,0.46,,
"1718",Track 02 Aug 2025 14-54-26 (1).rctrk,Track 02 Aug 2025 14-54-26 (1),-33.853781,151.219538,0.85,,
"1719",Track 02 Aug 2025 14-54-26 (1).rctrk,Track 02 Aug 2025 14-54-26 (1),-33.853073,151.223081,0.51,,
"1720",Track 02 Aug 2025 14-54-26 (1).rctrk,Track 02 Aug 2025 14-54-26 (1),-33.850302,151.228207,0.89,,
"1721",Track 02 Aug 2025 14-54-26 (1).rctrk,Track 02 Aug 2025 14-54-26 (1),-33.854582,151.217576,0.56,,
"1726",Track 02 Aug 2025 14-54-26 (1).rctrk,Track 02 Aug 2025 14-54-26 (1),-33.855831,151.244072,0.5,,
"1727",Track 02 Aug 2025 14-54-26 (1).rctrk,Track 02 Aug 2025 14-54-26 (1),-33.856078,151.223512,0.53,,
"1728",Track 02 Aug 2025 14-54-26 (1).rctrk,Track 02 Aug 2025 14-54-26 (1),-33.857212,151.248692,0.51,,
"1729",Track 02 Aug 2025 14-54-26 (1).rctrk,Track 02 Aug 2025 14-54-26 (1),-33.854358,151.213886,0.55,,
"1731",Track 02 Aug 2025 14-54-26 (1).rctrk,Track 02 Aug 2025 14-54-26 (1),-33.850089,151.229104,0.89,,
"1733",Track 02 Aug 2025 14-54-26 (1).rctrk,Track 02 Aug 2025 14-54-26 (1),-33.849691,151.232283,0.94,,
"1734",Track 02 Aug 2025 14-54-26 (1).rctrk,Track 02 Aug 2025 14-54-26 (1),-33.854922,151.218724,0.57,,
"1735",Track 02 Aug 2025 14-54-26 (1).rctrk,Track 02 Aug 2025 14-54-26 (1),-33.849518,151.233183,0.96,,
"1736",Track 02 Aug 2025 14-54-26 (1).rctrk,Track 02 Aug 2025 14-54-26 (1),-33.860973,151.198973,0.76,,
"1737",Track 02 Aug 2025 14-54-26 (1).rctrk,Track 02 Aug 2025 14-54-26 (1),-33.848782,151.235717,0.98,,
"1738",Track 02 Aug 2025 14-54-26 (1).rctrk,Track 02 Aug 2025 14-54-26 (1),-33.852026,151.225854,0.84,,
"1739",Track 02 Aug 2025 14-54-26 (1).rctrk,Track 02 Aug 2025 14-54-26 (1),-33.858144,151.242959,0.46,,
"1740",Track 02 Aug 2025 14-54-26 (1).rctrk,Track 02 Aug 2025 14-54-26 (1),-33.855057,151.213498,1.03,,
"1743",Track 02 Aug 2025 14-54-26 (1).rctrk,Track 02 Aug 2025 14-54-26 (1),-33.859771,151.210974,1.48,,
"1745",Track 02 Aug 2025 14-54-26 (1).rctrk,Track 02 Aug 2025 14-54-26 (1),-33.854546,151.214836,0.64,,
"1747",Track 02 Aug 2025 14-54-26 (1).rctrk,Track 02 Aug 2025 14-54-26 (1),-33.853381,151.230828,0.48,,
"1749",Track 02 Aug 2025 14-54-26 (1).rctrk,Track 02 Aug 2025 14-54-26 (1),-33.856828,151.213215,0.87,,
"1750",Track 02 Aug 2025 14-54-26 (1).rctrk,Track 02 Aug 2025 14-54-26 (1),-33.854361,151.216215,0.6,,
"1753",Track 02 Aug 2025 14-54-26 (1).rctrk,Track 02 Aug 2025 14-54-26 (1),-33.84731,151.238354,1,,
"1754",Track 02 Aug 2025 14-54-26 (1).rctrk,Track 02 Aug 2025 14-54-26 (1),-33.861424,151.256963,0.41,,
"1755",Track 02 Aug 2025 14-54-26 (1).rctrk,Track 02 Aug 2025 14-54-26 (1),-33.852258,151.225132,0.82,,
"1758",Track 02 Aug 2025 14-54-26 (1).rctrk,Track 02 Aug 2025 14-54-26 (1),-33.851846,151.224362,0.91,,
"1759",Track 02 Aug 2025 14-54-26 (1).rctrk,Track 02 Aug 2025 14-54-26 (1),-33.854621,151.200056,0.71,,
"1761",Track 02 Aug 2025 14-54-26 (1).rctrk,Track 02 Aug 2025 14-54-26 (1),-33.8519,151.224248,0.91,,
"1762",Track 02 Aug 2025 14-54-26 (1).rctrk,Track 02 Aug 2025 14-54-26 (1),-33.853622,151.225774,0.49,,
"1763",Track 02 Aug 2025 14-54-26 (1).rctrk,Track 02 Aug 2025 14-54-26 (1),-33.854297,151.219152,0.99,,
"1764",Track 02 Aug 2025 14-54-26 (1).rctrk,Track 02 Aug 2025 14-54-26 (1),-33.85223,151.225542,0.52,,
"1768",Track 02 Aug 2025 14-54-26 (1).rctrk,Track 02 Aug 2025 14-54-26 (1),-33.847583,151.233893,0.78,,
"1771",Track 02 Aug 2025 14-54-26 (1).rctrk,Track 02 Aug 2025 14-54-26 (1),-33.854167,151.214301,0.55,,
"1775",Track 02 Aug 2025 14-54-26 (1).rctrk,Track 02 Aug 2025 14-54-26 (1),-33.851158,151.228817,0.52,,
"1779",Track 02 Aug 2025 14-54-26 (1).rctrk,Track 02 Aug 2025 14-54-26 (1),-33.859711,151.255087,0.52,,
"1781",Track 02 Aug 2025 14-54-26 (1).rctrk,Track 02 Aug 2025 14-54-26 (1),-33.857515,151.212311,0.67,,
"1784",Track 02 Aug 2025 14-54-26 (1).rctrk,Track 02 Aug 2025 14-54-26 (1),-33.848301,151.233936,0.7,,
"1786",Track 02 Aug 2025 14-54-26 (1).rctrk,Track 02 Aug 2025 14-54-26 (1),-33.854573,151.217916,0.97,,
"1789",Track 02 Aug 2025 14-54-26 (1).rctrk,Track 02 Aug 2025 14-54-26 (1),-33.851399,151.229712,0.82,,
"1790",Track 02 Aug 2025 14-54-26 (1).rctrk,Track 02 Aug 2025 14-54-26 (1),-33.854788,151.213277,0.57,,
"1791",Track 02 Aug 2025 14-54-26 (1).rctrk,Track 02 Aug 2025 14-54-26 (1),-33.854776,151.215637,1.02,,
"1794",Track 02 Aug 2025 14-54-26 (1).rctrk,Track 02 Aug 2025 14-54-26 (1),-33.855112,151.21298,0.59,,
"1795",Track 02 Aug 2025 14-54-26 (1).rctrk,Track 02 Aug 2025 14-54-26 (1),-33.854678,151.218895,0.53,,
"1796",Track 02 Aug 2025 14-54-26 (1).rctrk,Track 02 Aug 2025 14-54-26 (1),-33.851697,151.227847,0.73,,
"1798",Track 02 Aug 2025 14-54-26 (1).rctrk,Track 02 Aug 2025 14-54-26 (1),-33.85392,151.218755,0.85,,
"1801",Track 02 Aug 2025 14-54-26 (1).rctrk,Track 02 Aug 2025 14-54-26 (1),-33.856478,151.212441,0.62,,
"1803",Track 02 Aug 2025 14-54-26 (1).rctrk,Track 02 Aug 2025 14-54-26 (1),-33.849845,151.230846,0.9,,
"1804",Track 02 Aug 2025 14-54-26 (1).rctrk,Track 02 Aug 2025 14-54-26 (1),-33.859762,151.211681,1.13,,
"1805",Track 02 Aug 2025 14-54-26 (1).rctrk,Track 02 Aug 2025 14-54-26 (1),-33.855364,151.242142,0.51,,
"1809",Track 02 Aug 2025 14-54-26 (1).rctrk,Track 02 Aug 2025 14-54-26 (1),-33.856824,151.235361,0.47,,
"1813",Track 02 Aug 2025 14-54-26 (1).rctrk,Track 02 Aug 2025 14-54-26 (1),-33.853943,151.215234,0.52,,
"1814",Track 02 Aug 2025 14-54-26 (1).rctrk,Track 02 Aug 2025 14-54-26 (1),-33.855208,151.216416,0.61,,
"1816",Track 02 Aug 2025 14-54-26 (1).rctrk,Track 02 Aug 2025 14-54-26 (1),-33.854338,151.212874,0.96,,
"1817",Track 02 Aug 2025 14-54-26 (1).rctrk,Track 02 Aug 2025 14-54-26 (1),-33.854346,151.215862,0.59,,
"1818",Track 02 Aug 2025 14-54-26 (1).rctrk,Track 02 Aug 2025 14-54-26 (1),-33.859256,151.253754,0.5,,
"1819",Track 02 Aug 2025 14-54-26 (1).rctrk,Track 02 Aug 2025 14-54-26 (1),-33.853737,151.22105,0.93,,
"1820",Track 02 Aug 2025 14-54-26 (1).rctrk,Track 02 Aug 2025 14-54-26 (1),-33.85901,151.211218,1.12,,
"1821",Track 02 Aug 2025 14-54-26 (1).rctrk,Track 02 Aug 2025 14-54-26 (1),-33.850115,151.228979,0.9,,
"1823",Track 02 Aug 2025 14-54-26 (1).rctrk,Track 02 Aug 2025 14-54-26 (1),-33.856419,151.211229,0.94,,
"1824",Track 02 Aug 2025 14-54-26 (1).rctrk,Track 02 Aug 2025 14-54-26 (1),-33.846342,151.237691,0.88,,
"1825",Track 02 Aug 2025 14-54-26 (1).rctrk,Track 02 Aug 2025 14-54-26 (1),-33.853801,151.219402,0.85,,
"1826",Track 02 Aug 2025 14-54-26 (1).rctrk,Track 02 Aug 2025 14-54-26 (1),-33.853814,151.22498,0.5,,
"1827",Track 02 Aug 2025 14-54-26 (1).rctrk,Track 02 Aug 2025 14-54-26 (1),-33.854148,151.23592,0.49,,
"1830",Track 02 Aug 2025 14-54-26 (1).rctrk,Track 02 Aug 2025 14-54-26 (1),-33.858694,151.210887,1.29,,
"1831",Track 02 Aug 2025 14-54-26 (1).rctrk,Track 02 Aug 2025 14-54-26 (1),-33.853415,151.226876,0.49,,
"1834",Track 02 Aug 2025 14-54-26 (1).rctrk,Track 02 Aug 2025 14-54-26 (1),-33.85179,151.224479,0.89,,
"1835",Track 02 Aug 2025 14-54-26 (1).rctrk,Track 02 Aug 2025 14-54-26 (1),-33.852394,151.223384,0.89,,
"1836",Track 02 Aug 2025 14-54-26 (1).rctrk,Track 02 Aug 2025 14-54-26 (1),-33.857629,151.211034,1.05,,
"1839",Track 02 Aug 2025 14-54-26 (1).rctrk,Track 02 Aug 2025 14-54-26 (1),-33.853042,151.222821,0.87,,
"1842",Track 02 Aug 2025 14-54-26 (1).rctrk,Track 02 Aug 2025 14-54-26 (1),-33.853746,151.215649,0.89,,
"1847",Track 02 Aug 2025 14-54-26 (1).rctrk,Track 02 Aug 2025 14-54-26 (1),-33.851846,151.226727,0.78,,
"1848",Track 02 Aug 2025 14-54-26 (1).rctrk,Track 02 Aug 2025 14-54-26 (1),-33.85403,151.214759,0.55,,
"1849",Track 02 Aug 2025 14-54-26 (1).rctrk,Track 02 Aug 2025 14-54-26 (1),-33.853811,151.215126,0.9,,
"1851",Track 02 Aug 2025 14-54-26 (1).rctrk,Track 02 Aug 2025 14-54-26 (1),-33.852808,151.222594,0.89,,
"1853",Track 02 Aug 2025 14-54-26 (1).rctrk,Track 02 Aug 2025 14-54-26 (1),-33.852703,151.222822,0.89,,
"1854",Track 02 Aug 2025 14-54-26 (1).rctrk,Track 02 Aug 2025 14-54-26 (1),-33.858048,151.212702,0.98,,
"1855",Track 02 Aug 2025 14-54-26 (1).rctrk,Track 02 Aug 2025 14-54-26 (1),-33.854104,151.213599,0.94,,
"1856",Track 02 Aug 2025 14-54-26 (1).rctrk,Track 02 Aug 2025 14-54-26 (1),-33.857436,151.212949,0.94,,
"1857",Track 02 Aug 2025 14-54-26 (1).rctrk,Track 02 Aug 2025 14-54-26 (1),-33.852462,151.224857,0.51,,
"1858",Track 02 Aug 2025 14-54-26 (1).rctrk,Track 02 Aug 2025 14-54-26 (1),-33.861129,151.256019,0.41,,
"1859",Track 02 Aug 2025 14-54-26 (1).rctrk,Track 02 Aug 2025 14-54-26 (1),-33.858839,151.198688,0.76,,
"1863",Track 02 Aug 2025 14-54-26 (1).rctrk,Track 02 Aug 2025 14-54-26 (1),-33.853902,151.220975,0.49,,
"1864",Track 02 Aug 2025 14-54-26 (1).rctrk,Track 02 Aug 2025 14-54-26 (1),-33.853245,151.229681,0.5,,
"1865",Track 02 Aug 2025 14-54-26 (1).rctrk,Track 02 Aug 2025 14-54-26 (1),-33.853904,151.210595,0.79,,
"1867",Track 02 Aug 2025 14-54-26 (1).rctrk,Track 02 Aug 2025 14-54-26 (1),-33.856193,151.224288,0.52,,
"1869",Track 02 Aug 2025 14-54-26 (1).rctrk,Track 02 Aug 2025 14-54-26 (1),-33.854005,151.21824,0.88,,
"1870",Track 02 Aug 2025 14-54-26 (1).rctrk,Track 02 Aug 2025 14-54-26 (1),-33.863196,151.199713,0.8,,
"1871",Track 02 Aug 2025 14-54-26 (1).rctrk,Track 02 Aug 2025 14-54-26 (1),-33.856862,151.212124,1.08,,
"1872",Track 02 Aug 2025 14-54-26 (1).rctrk,Track 02 Aug 2025 14-54-26 (1),-33.853536,151.220688,0.86,,
"1874",Track 02 Aug 2025 14-54-26 (1).rctrk,Track 02 Aug 2025 14-54-26 (1),-33.859738,151.212011,1.02,,
"1875",Track 02 Aug 2025 14-54-26 (1).rctrk,Track 02 Aug 2025 14-54-26 (1),-33.852644,151.222951,0.9,,
"1876",Track 02 Aug 2025 14-54-26 (1).rctrk,Track 02 Aug 2025 14-54-26 (1),-33.853267,151.22236,0.9,,
"1877",Track 02 Aug 2025 14-54-26 (1).rctrk,Track 02 Aug 2025 14-54-26 (1),-33.849438,151.23344,0.96,,
"1879",Track 02 Aug 2025 14-54-26 (1).rctrk,Track 02 Aug 2025 14-54-26 (1),-33.854392,151.215343,0.62,,
"1881",Track 02 Aug 2025 14-54-26 (1).rctrk,Track 02 Aug 2025 14-54-26 (1),-33.853288,151.222514,0.51,,
"1882",Track 02 Aug 2025 14-54-26 (1).rctrk,Track 02 Aug 2025 14-54-26 (1),-33.851205,151.2307,0.81,,
"1884",Track 02 Aug 2025 14-54-26 (1).rctrk,Track 02 Aug 2025 14-54-26 (1),-33.859622,151.248795,0.43,,
"1887",Track 02 Aug 2025 14-54-26 (1).rctrk,Track 02 Aug 2025 14-54-26 (1),-33.857277,151.21195,1.06,,
"1889",Track 02 Aug 2025 14-54-26 (1).rctrk,Track 02 Aug 2025 14-54-26 (1),-33.850234,151.233666,0.79,,
"1892",Track 02 Aug 2025 14-54-26 (1).rctrk,Track 02 Aug 2025 14-54-26 (1),-33.849903,151.230307,0.93,,
"1897",Track 02 Aug 2025 14-54-26 (1).rctrk,Track 02 Aug 2025 14-54-26 (1),-33.857843,151.241427,0.48,,
"1898",Track 02 Aug 2025 14-54-26 (1).rctrk,Track 02 Aug 2025 14-54-26 (1),-33.847068,151.238642,1,,
"1904",Track 02 Aug 2025 14-54-26 (1).rctrk,Track 02 Aug 2025 14-54-26 (1),-33.855432,151.21121,0.88,,
"1905",Track 02 Aug 2025 14-54-26 (1).rctrk,Track 02 Aug 2025 14-54-26 (1),-33.849768,151.231492,0.91,,
"1908",Track 02 Aug 2025 14-54-26 (1).rctrk,Track 02 Aug 2025 14-54-26 (1),-33.85495,151.217959,0.53,,
"1909",Track 02 Aug 2025 14-54-26 (1).rctrk,Track 02 Aug 2025 14-54-26 (1),-33.862725,151.199469,0.78,,
"1910",Track 02 Aug 2025 14-54-26 (1).rctrk,Track 02 Aug 2025 14-54-26 (1),-33.85965,151.210993,1.47,,
"1913",Track 02 Aug 2025 14-54-26 (1).rctrk,Track 02 Aug 2025 14-54-26 (1),-33.853868,151.214743,0.91,,
"1914",Track 02 Aug 2025 14-54-26 (1).rctrk,Track 02 Aug 2025 14-54-26 (1),-33.857799,151.21172,1.07,,
"1915",Track 02 Aug 2025 14-54-26 (1).rctrk,Track 02 Aug 2025 14-54-26 (1),-33.856387,151.232539,0.51,,
"1916",Track 02 Aug 2025 14-54-26 (1).rctrk,Track 02 Aug 2025 14-54-26 (1),-33.853821,151.221155,0.48,,
"1917",Track 02 Aug 2025 14-54-26 (1).rctrk,Track 02 Aug 2025 14-54-26 (1),-33.857345,151.212872,0.75,,
"1918",Track 02 Aug 2025 14-54-26 (1).rctrk,Track 02 Aug 2025 14-54-26 (1),-33.853374,151.221311,0.89,,
"1920",Track 02 Aug 2025 14-54-26 (1).rctrk,Track 02 Aug 2025 14-54-26 (1),-33.854433,151.216933,0.58,,
"1921",Track 02 Aug 2025 14-54-26 (1).rctrk,Track 02 Aug 2025 14-54-26 (1),-33.853545,151.221819,0.5,,
"1927",Track 02 Aug 2025 14-54-26 (1).rctrk,Track 02 Aug 2025 14-54-26 (1),-33.861163,151.199008,0.76,,
"1930",Track 02 Aug 2025 14-54-26 (1).rctrk,Track 02 Aug 2025 14-54-26 (1),-33.851,151.231703,0.81,,
"1931",Track 02 Aug 2025 14-54-26 (1).rctrk,Track 02 Aug 2025 14-54-26 (1),-33.853003,151.203206,0.69,,
"1933",Track 02 Aug 2025 14-54-26 (1).rctrk,Track 02 Aug 2025 14-54-26 (1),-33.851748,151.226926,0.51,,
"1935",Track 02 Aug 2025 14-54-26 (1).rctrk,Track 02 Aug 2025 14-54-26 (1),-33.858506,151.212176,0.8,,
"1936",Track 02 Aug 2025 14-54-26 (1).rctrk,Track 02 Aug 2025 14-54-26 (1),-33.86,151.250814,0.43,,
"1940",Track 02 Aug 2025 14-54-26 (1).rctrk,Track 02 Aug 2025 14-54-26 (1),-33.850603,151.227374,0.93,,
"1943",Track 02 Aug 2025 14-54-26 (1).rctrk,Track 02 Aug 2025 14-54-26 (1),-33.856074,151.213563,0.79,,
"1945",Track 02 Aug 2025 14-54-26 (1).rctrk,Track 02 Aug 2025 14-54-26 (1),-33.855977,151.199182,0.71,,
"1946",Track 02 Aug 2025 14-54-26 (1).rctrk,Track 02 Aug 2025 14-54-26 (1),-33.855819,151.212581,1.11,,
"1954",Track 02 Aug 2025 14-54-26 (1).rctrk,Track 02 Aug 2025 14-54-26 (1),-33.859842,151.249778,0.44,,
"1956",Track 02 Aug 2025 14-54-26 (1).rctrk,Track 02 Aug 2025 14-54-26 (1),-33.857794,151.241168,0.47,,
"1958",Track 02 Aug 2025 14-54-26 (1).rctrk,Track 02 Aug 2025 14-54-26 (1),-33.853283,151.227702,0.51,,
"1959",Track 02 Aug 2025 14-54-26 (1).rctrk,Track 02 Aug 2025 14-54-26 (1),-33.85377,151.215387,0.91,,
"1960",Track 02 Aug 2025 14-54-26 (1).rctrk,Track 02 Aug 2025 14-54-26 (1),-33.86034,151.252564,0.42,,
"1961",Track 02 Aug 2025 14-54-26 (1).rctrk,Track 02 Aug 2025 14-54-26 (1),-33.853711,151.233118,0.47,,
"1962",Track 02 Aug 2025 14-54-26 (1).rctrk,Track 02 Aug 2025 14-54-26 (1),-33.846505,151.237529,0.89,,
"1966",Track 02 Aug 2025 14-54-26 (1).rctrk,Track 02 Aug 2025 14-54-26 (1),-33.853637,151.220306,0.86,,
"1970",Track 02 Aug 2025 14-54-26 (1).rctrk,Track 02 Aug 2025 14-54-26 (1),-33.855487,151.212748,0.6,,
"1971",Track 02 Aug 2025 14-54-26 (1).rctrk,Track 02 Aug 2025 14-54-26 (1),-33.856859,151.247622,0.52,,
"1972",Track 02 Aug 2025 14-54-26 (1).rctrk,Track 02 Aug 2025 14-54-26 (1),-33.854287,151.212994,0.95,,
"1973",Track 02 Aug 2025 14-54-26 (1).rctrk,Track 02 Aug 2025 14-54-26 (1),-33.853546,151.226055,0.5,,
"1974",Track 02 Aug 2025 14-54-26 (1).rctrk,Track 02 Aug 2025 14-54-26 (1),-33.849252,151.234065,0.95,,
"1976",Track 02 Aug 2025 14-54-26 (1).rctrk,Track 02 Aug 2025 14-54-26 (1),-33.850075,151.23207,0.59,,
"1978",Track 02 Aug 2025 14-54-26 (1).rctrk,Track 02 Aug 2025 14-54-26 (1),-33.849184,151.23431,0.96,,
"1980",Track 02 Aug 2025 14-54-26 (1).rctrk,Track 02 Aug 2025 14-54-26 (1),-33.854725,151.218016,0.55,,
"1981",Track 02 Aug 2025 14-54-26 (1).rctrk,Track 02 Aug 2025 14-54-26 (1),-33.858459,151.198682,0.76,,
"1982",Track 02 Aug 2025 14-54-26 (1).rctrk,Track 02 Aug 2025 14-54-26 (1),-33.850413,151.233342,0.79,,
"1983",Track 02 Aug 2025 14-54-26 (1).rctrk,Track 02 Aug 2025 14-54-26 (1),-33.850432,151.227855,0.9,,
"1985",Track 02 Aug 2025 14-54-26 (1).rctrk,Track 02 Aug 2025 14-54-26 (1),-33.852832,151.204335,0.66,,
"1988",Track 02 Aug 2025 14-54-26 (1).rctrk,Track 02 Aug 2025 14-54-26 (1),-33.852522,151.223172,0.89,,
"1991",Track 02 Aug 2025 14-54-26 (1).rctrk,Track 02 Aug 2025 14-54-26 (1),-33.859351,151.25403,0.51,,
"1992",Track 02 Aug 2025 14-54-26 (1).rctrk,Track 02 Aug 2025 14-54-26 (1),-33.857086,151.212379,0.66,,
"1993",Track 02 Aug 2025 14-54-26 (1).rctrk,Track 02 Aug 2025 14-54-26 (1),-33.852521,151.224664,0.5,,
"1995",Track 02 Aug 2025 14-54-26 (1).rctrk,Track 02 Aug 2025 14-54-26 (1),-33.851453,151.225313,0.89,,
"1997",Track 02 Aug 2025 14-54-26 (1).rctrk,Track 02 Aug 2025 14-54-26 (1),-33.857134,151.212019,1.07,,
"2002",Track 02 Aug 2025 14-54-26 (1).rctrk,Track 02 Aug 2025 14-54-26 (1),-33.859072,151.253208,0.51,,
"2003",Track 02 Aug 2025 14-54-26 (1).rctrk,Track 02 Aug 2025 14-54-26 (1),-33.848394,151.233934,0.68,,
"2004",Track 02 Aug 2025 14-54-26 (1).rctrk,Track 02 Aug 2025 14-54-26 (1),-33.84963,151.23454,0.78,,
"2005",Track 02 Aug 2025 14-54-26 (1).rctrk,Track 02 Aug 2025 14-54-26 (1),-33.854666,151.217283,1.02,,
"2008",Track 02 Aug 2025 14-54-26 (1).rctrk,Track 02 Aug 2025 14-54-26 (1),-33.848023,151.236176,0.86,,
"2009",Track 02 Aug 2025 14-54-26 (1).rctrk,Track 02 Aug 2025 14-54-26 (1),-33.847852,151.236337,0.88,,
"2014",Track 02 Aug 2025 14-54-26 (1).rctrk,Track 02 Aug 2025 14-54-26 (1),-33.85463,151.217537,1,,
"2016",Track 02 Aug 2025 14-54-26 (1).rctrk,Track 02 Aug 2025 14-54-26 (1),-33.853587,151.221721,0.49,,
"2018",Track 02 Aug 2025 14-54-26 (1).rctrk,Track 02 Aug 2025 14-54-26 (1),-33.854387,151.237128,0.5,,
"2020",Track 02 Aug 2025 14-54-26 (1).rctrk,Track 02 Aug 2025 14-54-26 (1),-33.850263,151.228338,0.89,,
"2023",Track 02 Aug 2025 14-54-26 (1).rctrk,Track 02 Aug 2025 14-54-26 (1),-33.851637,151.227225,0.51,,
"2024",Track 02 Aug 2025 14-54-26 (1).rctrk,Track 02 Aug 2025 14-54-26 (1),-33.853306,151.221554,0.9,,
"2025",Track 02 Aug 2025 14-54-26 (1).rctrk,Track 02 Aug 2025 14-54-26 (1),-33.856643,151.212419,0.63,,
"2026",Track 02 Aug 2025 14-54-26 (1).rctrk,Track 02 Aug 2025 14-54-26 (1),-33.856269,151.211247,0.94,,
"2030",Track 02 Aug 2025 14-54-26 (1).rctrk,Track 02 Aug 2025 14-54-26 (1),-33.852451,151.224523,0.85,,
"2033",Track 02 Aug 2025 14-54-26 (1).rctrk,Track 02 Aug 2025 14-54-26 (1),-33.854025,151.235087,0.48,,
"2038",Track 02 Aug 2025 14-54-26 (1).rctrk,Track 02 Aug 2025 14-54-26 (1),-33.852583,151.223059,0.9,,
"2040",Track 02 Aug 2025 14-54-26 (1).rctrk,Track 02 Aug 2025 14-54-26 (1),-33.849803,151.231237,0.9,,
"2047",Track 02 Aug 2025 14-54-26 (1).rctrk,Track 02 Aug 2025 14-54-26 (1),-33.856301,151.231494,0.49,,
"2050",Track 02 Aug 2025 14-54-26 (1).rctrk,Track 02 Aug 2025 14-54-26 (1),-33.85401,151.217566,0.89,,
"2051",Track 02 Aug 2025 14-54-26 (1).rctrk,Track 02 Aug 2025 14-54-26 (1),-33.856665,151.234309,0.48,,
"2052",Track 02 Aug 2025 14-54-26 (1).rctrk,Track 02 Aug 2025 14-54-26 (1),-33.854727,151.21678,1.03,,
"2053",Track 02 Aug 2025 14-54-26 (1).rctrk,Track 02 Aug 2025 14-54-26 (1),-33.85321,151.22854,0.52,,
"2054",Track 02 Aug 2025 14-54-26 (1).rctrk,Track 02 Aug 2025 14-54-26 (1),-33.854586,151.221483,0.52,,
"2056",Track 02 Aug 2025 14-54-26 (1).rctrk,Track 02 Aug 2025 14-54-26 (1),-33.854816,151.218457,0.52,,
"2058",Track 02 Aug 2025 14-54-26 (1).rctrk,Track 02 Aug 2025 14-54-26 (1),-33.854687,151.217156,1.02,,
"2059",Track 02 Aug 2025 14-54-26 (1).rctrk,Track 02 Aug 2025 14-54-26 (1),-33.858642,151.245339,0.44,,
"2060",Track 02 Aug 2025 14-54-26 (1).rctrk,Track 02 Aug 2025 14-54-26 (1),-33.860991,151.255529,0.41,,
"2061",Track 02 Aug 2025 14-54-26 (1).rctrk,Track 02 Aug 2025 14-54-26 (1),-33.861269,151.256495,0.4,,
"2062",Track 02 Aug 2025 14-54-26 (1).rctrk,Track 02 Aug 2025 14-54-26 (1),-33.851162,151.230946,0.82,,
"2066",Track 02 Aug 2025 14-54-26 (1).rctrk,Track 02 Aug 2025 14-54-26 (1),-33.85525,151.216019,0.66,,
"2067",Track 02 Aug 2025 14-54-26 (1).rctrk,Track 02 Aug 2025 14-54-26 (1),-33.845535,151.233426,0.88,,
"2068",Track 02 Aug 2025 14-54-26 (1).rctrk,Track 02 Aug 2025 14-54-26 (1),-33.859379,151.211046,1.39,,
"2069",Track 02 Aug 2025 14-54-26 (1).rctrk,Track 02 Aug 2025 14-54-26 (1),-33.853204,151.209427,0.77,,
"2070",Track 02 Aug 2025 14-54-26 (1).rctrk,Track 02 Aug 2025 14-54-26 (1),-33.853935,151.200849,0.7,,
"2071",Track 02 Aug 2025 14-54-26 (1).rctrk,Track 02 Aug 2025 14-54-26 (1),-33.849864,151.234257,0.78,,
"2073",Track 02 Aug 2025 14-54-26 (1).rctrk,Track 02 Aug 2025 14-54-26 (1),-33.849215,151.234188,0.95,,
"2074",Track 02 Aug 2025 14-54-26 (1).rctrk,Track 02 Aug 2025 14-54-26 (1),-33.856354,151.199043,0.71,,
"2076",Track 02 Aug 2025 14-54-26 (1).rctrk,Track 02 Aug 2025 14-54-26 (1),-33.855433,151.24242,0.51,,
"2078",Track 02 Aug 2025 14-54-26 (1).rctrk,Track 02 Aug 2025 14-54-26 (1),-33.851989,151.226239,0.52,,
"2079",Track 02 Aug 2025 14-54-26 (1).rctrk,Track 02 Aug 2025 14-54-26 (1),-33.853808,151.233671,0.47,,
"2081",Track 02 Aug 2025 14-54-26 (1).rctrk,Track 02 Aug 2025 14-54-26 (1),-33.858674,151.212158,0.8,,
"2086",Track 02 Aug 2025 14-54-26 (1).rctrk,Track 02 Aug 2025 14-54-26 (1),-33.855542,151.214328,0.77,,
"2087",Track 02 Aug 2025 14-54-26 (1).rctrk,Track 02 Aug 2025 14-54-26 (1),-33.854389,151.222591,0.5,,
"2088",Track 02 Aug 2025 14-54-26 (1).rctrk,Track 02 Aug 2025 14-54-26 (1),-33.851187,151.228714,0.52,,
"2090",Track 02 Aug 2025 14-54-26 (1).rctrk,Track 02 Aug 2025 14-54-26 (1),-33.857788,151.212278,0.7,,
"2091",Track 02 Aug 2025 14-54-26 (1).rctrk,Track 02 Aug 2025 14-54-26 (1),-33.857144,151.213087,0.91,,
"2092",Track 02 Aug 2025 14-54-26 (1).rctrk,Track 02 Aug 2025 14-54-26 (1),-33.858239,151.251039,0.51,,
"2093",Track 02 Aug 2025 14-54-26 (1).rctrk,Track 02 Aug 2025 14-54-26 (1),-33.85956,151.248553,0.43,,
"2094",Track 02 Aug 2025 14-54-26 (1).rctrk,Track 02 Aug 2025 14-54-26 (1),-33.855119,151.213389,1.04,,
"2095",Track 02 Aug 2025 14-54-26 (1).rctrk,Track 02 Aug 2025 14-54-26 (1),-33.849444,151.233375,0.62,,
"2096",Track 02 Aug 2025 14-54-26 (1).rctrk,Track 02 Aug 2025 14-54-26 (1),-33.8549,151.214243,0.62,,
"2097",Track 02 Aug 2025 14-54-26 (1).rctrk,Track 02 Aug 2025 14-54-26 (1),-33.856195,151.228257,0.48,,
"2098",Track 02 Aug 2025 14-54-26 (1).rctrk,Track 02 Aug 2025 14-54-26 (1),-33.84682,151.238899,0.99,,
"2100",Track 02 Aug 2025 14-54-26 (1).rctrk,Track 02 Aug 2025 14-54-26 (1),-33.856217,151.224553,0.51,,
"2101",Track 02 Aug 2025 14-54-26 (1).rctrk,Track 02 Aug 2025 14-54-26 (1),-33.853344,151.230538,0.49,,
"2102",Track 02 Aug 2025 14-54-26 (1).rctrk,Track 02 Aug 2025 14-54-26 (1),-33.852621,151.223909,0.86,,
"2105",Track 02 Aug 2025 14-54-26 (1).rctrk,Track 02 Aug 2025 14-54-26 (1),-33.855817,151.213496,0.66,,
"2107",Track 02 Aug 2025 14-54-26 (1).rctrk,Track 02 Aug 2025 14-54-26 (1),-33.863989,151.199978,0.82,,
"2108",Track 02 Aug 2025 14-54-26 (1).rctrk,Track 02 Aug 2025 14-54-26 (1),-33.862281,151.199326,0.79,,
"2109",Track 02 Aug 2025 14-54-26 (1).rctrk,Track 02 Aug 2025 14-54-26 (1),-33.853909,151.220505,0.96,,
"2110",Track 02 Aug 2025 14-54-26 (1).rctrk,Track 02 Aug 2025 14-54-26 (1),-33.85477,151.216153,1,,
"2111",Track 02 Aug 2025 14-54-26 (1).rctrk,Track 02 Aug 2025 14-54-26 (1),-33.849855,151.23071,0.9,,
"2112",Track 02 Aug 2025 14-54-26 (1).rctrk,Track 02 Aug 2025 14-54-26 (1),-33.853904,151.217065,0.89,,
"2115",Track 02 Aug 2025 14-54-26 (1).rctrk,Track 02 Aug 2025 14-54-26 (1),-33.852409,151.225056,0.52,,
"2116",Track 02 Aug 2025 14-54-26 (1).rctrk,Track 02 Aug 2025 14-54-26 (1),-33.852123,151.225844,0.52,,
"2119",Track 02 Aug 2025 14-54-26 (1).rctrk,Track 02 Aug 2025 14-54-26 (1),-33.855154,151.211161,0.86,,
"2120",Track 02 Aug 2025 14-54-26 (1).rctrk,Track 02 Aug 2025 14-54-26 (1),-33.860107,151.256141,0.53,,
"2121",Track 02 Aug 2025 14-54-26 (1).rctrk,Track 02 Aug 2025 14-54-26 (1),-33.858203,151.212635,1,,
"2122",Track 02 Aug 2025 14-54-26 (1).rctrk,Track 02 Aug 2025 14-54-26 (1),-33.849843,151.23263,0.59,,
"2125",Track 02 Aug 2025 14-54-26 (1).rctrk,Track 02 Aug 2025 14-54-26 (1),-33.858094,151.2116,1.06,,
"2126",Track 02 Aug 2025 14-54-26 (1).rctrk,Track 02 Aug 2025 14-54-26 (1),-33.85729,151.21128,1.1,,
"2127",Track 02 Aug 2025 14-54-26 (1).rctrk,Track 02 Aug 2025 14-54-26 (1),-33.85724,151.212347,0.66,,
"2128",Track 02 Aug 2025 14-54-26 (1).rctrk,Track 02 Aug 2025 14-54-26 (1),-33.858582,151.245089,0.45,,
"2129",Track 02 Aug 2025 14-54-26 (1).rctrk,Track 02 Aug 2025 14-54-26 (1),-33.854071,151.2146,0.54,,
"2130",Track 02 Aug 2025 14-54-26 (1).rctrk,Track 02 Aug 2025 14-54-26 (1),-33.85362,151.201426,0.69,,
"2131",Track 02 Aug 2025 14-54-26 (1).rctrk,Track 02 Aug 2025 14-54-26 (1),-33.850346,151.22809,0.9,,
"2132",Track 02 Aug 2025 14-54-26 (1).rctrk,Track 02 Aug 2025 14-54-26 (1),-33.847249,151.233833,0.8,,
"2134",Track 02 Aug 2025 14-54-26 (1).rctrk,Track 02 Aug 2025 14-54-26 (1),-33.859229,151.198723,0.76,,
"2135",Track 02 Aug 2025 14-54-26 (1).rctrk,Track 02 Aug 2025 14-54-26 (1),-33.852096,151.22561,0.84,,
"2138",Track 02 Aug 2025 14-54-26 (1).rctrk,Track 02 Aug 2025 14-54-26 (1),-33.860209,151.256408,0.52,,
"2139",Track 02 Aug 2025 14-54-26 (1).rctrk,Track 02 Aug 2025 14-54-26 (1),-33.848835,151.233825,0.64,,
"2142",Track 02 Aug 2025 14-54-26 (1).rctrk,Track 02 Aug 2025 14-54-26 (1),-33.858661,151.212401,1.06,,
"2143",Track 02 Aug 2025 14-54-26 (1).rctrk,Track 02 Aug 2025 14-54-26 (1),-33.858945,151.212148,0.86,,
"2146",Track 02 Aug 2025 14-54-26 (1).rctrk,Track 02 Aug 2025 14-54-26 (1),-33.859471,151.212054,0.96,,
"2147",Track 02 Aug 2025 14-54-26 (1).rctrk,Track 02 Aug 2025 14-54-26 (1),-33.850617,151.232893,0.77,,
"2150",Track 02 Aug 2025 14-54-26 (1).rctrk,Track 02 Aug 2025 14-54-26 (1),-33.863606,151.199909,0.82,,
"2151",Track 02 Aug 2025 14-54-26 (1).rctrk,Track 02 Aug 2025 14-54-26 (1),-33.858204,151.211292,1.2,,
"2152",Track 02 Aug 2025 14-54-26 (1).rctrk,Track 02 Aug 2025 14-54-26 (1),-33.862107,151.199276,0.79,,
"2153",Track 02 Aug 2025 14-54-26 (1).rctrk,Track 02 Aug 2025 14-54-26 (1),-33.85534,151.220227,0.55,,
"2154",Track 02 Aug 2025 14-54-26 (1).rctrk,Track 02 Aug 2025 14-54-26 (1),-33.850829,151.232302,0.79,,
"2155",Track 02 Aug 2025 14-54-26 (1).rctrk,Track 02 Aug 2025 14-54-26 (1),-33.852993,151.22226,0.89,,
"2156",Track 02 Aug 2025 14-54-26 (1).rctrk,Track 02 Aug 2025 14-54-26 (1),-33.853502,151.231677,0.46,,
"2158",Track 02 Aug 2025 14-54-26 (1).rctrk,Track 02 Aug 2025 14-54-26 (1),-33.854522,151.217346,0.57,,
"2160",Track 02 Aug 2025 14-54-26 (1).rctrk,Track 02 Aug 2025 14-54-26 (1),-33.856288,151.245722,0.52,,
"2161",Track 02 Aug 2025 14-54-26 (1).rctrk,Track 02 Aug 2025 14-54-26 (1),-33.850173,151.228724,0.91,,
"2167",Track 02 Aug 2025 14-54-26 (1).rctrk,Track 02 Aug 2025 14-54-26 (1),-33.84667,151.233714,0.85,,
"2169",Track 02 Aug 2025 14-54-26 (1).rctrk,Track 02 Aug 2025 14-54-26 (1),-33.857419,151.249217,0.51,,
"2172",Track 02 Aug 2025 14-54-26 (1).rctrk,Track 02 Aug 2025 14-54-26 (1),-33.853361,151.227151,0.49,,
"2173",Track 02 Aug 2025 14-54-26 (1).rctrk,Track 02 Aug 2025 14-54-26 (1),-33.84987,151.230571,0.91,,
"2174",Track 02 Aug 2025 14-54-26 (1).rctrk,Track 02 Aug 2025 14-54-26 (1),-33.85568,151.213577,0.64,,
"2176",Track 02 Aug 2025 14-54-26 (1).rctrk,Track 02 Aug 2025 14-54-26 (1),-33.854129,151.219772,0.97,,
"2177",Track 02 Aug 2025 14-54-26 (1).rctrk,Track 02 Aug 2025 14-54-26 (1),-33.853157,151.221914,0.91,,
"2178",Track 02 Aug 2025 14-54-26 (1).rctrk,Track 02 Aug 2025 14-54-26 (1),-33.854474,151.218971,0.51,,
"2179",Track 02 Aug 2025 14-54-26 (1).rctrk,Track 02 Aug 2025 14-54-26 (1),-33.857858,151.211026,1.08,,
"2180",Track 02 Aug 2025 14-54-26 (1).rctrk,Track 02 Aug 2025 14-54-26 (1),-33.851789,151.227102,0.79,,
"2182",Track 02 Aug 2025 14-54-26 (1).rctrk,Track 02 Aug 2025 14-54-26 (1),-33.861057,151.255772,0.41,,
"2184",Track 02 Aug 2025 14-54-26 (1).rctrk,Track 02 Aug 2025 14-54-26 (1),-33.846937,151.237116,0.89,,
"2187",Track 02 Aug 2025 14-54-26 (1).rctrk,Track 02 Aug 2025 14-54-26 (1),-33.856622,151.234063,0.48,,
"2189",Track 02 Aug 2025 14-54-26 (1).rctrk,Track 02 Aug 2025 14-54-26 (1),-33.854121,151.220397,0.5,,
"2190",Track 02 Aug 2025 14-54-26 (1).rctrk,Track 02 Aug 2025 14-54-26 (1),-33.850845,151.226763,0.91,,
"2192",Track 02 Aug 2025 14-54-26 (1).rctrk,Track 02 Aug 2025 14-54-26 (1),-33.855598,151.221221,0.54,,
"2193",Track 02 Aug 2025 14-54-26 (1).rctrk,Track 02 Aug 2025 14-54-26 (1),-33.855633,151.212716,1.1,,
"2194",Track 02 Aug 2025 14-54-26 (1).rctrk,Track 02 Aug 2025 14-54-26 (1),-33.857945,151.211663,1.07,,
"2195",Track 02 Aug 2025 14-54-26 (1).rctrk,Track 02 Aug 2025 14-54-26 (1),-33.860289,151.252314,0.42,,
"2196",Track 02 Aug 2025 14-54-26 (1).rctrk,Track 02 Aug 2025 14-54-26 (1),-33.851909,151.226352,0.82,,
"2198",Track 02 Aug 2025 14-54-26 (1).rctrk,Track 02 Aug 2025 14-54-26 (1),-33.854039,151.213842,0.93,,
"2200",Track 02 Aug 2025 14-54-26 (1).rctrk,Track 02 Aug 2025 14-54-26 (1),-33.853879,151.224724,0.5,,
"2201",Track 02 Aug 2025 14-54-26 (1).rctrk,Track 02 Aug 2025 14-54-26 (1),-33.857026,151.248151,0.52,,
"2202",Track 02 Aug 2025 14-54-26 (1).rctrk,Track 02 Aug 2025 14-54-26 (1),-33.852724,151.205674,0.66,,
"2203",Track 02 Aug 2025 14-54-26 (1).rctrk,Track 02 Aug 2025 14-54-26 (1),-33.849973,151.22977,0.93,,
"2204",Track 02 Aug 2025 14-54-26 (1).rctrk,Track 02 Aug 2025 14-54-26 (1),-33.846835,151.233739,0.83,,
"2205",Track 02 Aug 2025 14-54-26 (1).rctrk,Track 02 Aug 2025 14-54-26 (1),-33.853205,151.202455,0.7,,
"2206",Track 02 Aug 2025 14-54-26 (1).rctrk,Track 02 Aug 2025 14-54-26 (1),-33.849631,151.232667,0.96,,
"2209",Track 02 Aug 2025 14-54-26 (1).rctrk,Track 02 Aug 2025 14-54-26 (1),-33.853417,151.222018,0.9,,
"2215",Track 02 Aug 2025 14-54-26 (1).rctrk,Track 02 Aug 2025 14-54-26 (1),-33.854313,151.219921,0.51,,
"2216",Track 02 Aug 2025 14-54-26 (1).rctrk,Track 02 Aug 2025 14-54-26 (1),-33.853989,151.218365,0.88,,
"2219",Track 02 Aug 2025 14-54-26 (1).rctrk,Track 02 Aug 2025 14-54-26 (1),-33.852748,151.223534,0.85,,
"2221",Track 02 Aug 2025 14-54-26 (1).rctrk,Track 02 Aug 2025 14-54-26 (1),-33.851594,151.228476,0.75,,
"2223",Track 02 Aug 2025 14-54-26 (1).rctrk,Track 02 Aug 2025 14-54-26 (1),-33.855011,151.211128,0.84,,
"2224",Track 02 Aug 2025 14-54-26 (1).rctrk,Track 02 Aug 2025 14-54-26 (1),-33.851347,151.22813,0.51,,
"2225",Track 02 Aug 2025 14-54-26 (1).rctrk,Track 02 Aug 2025 14-54-26 (1),-33.84635,151.233629,0.86,,
"2229",Track 02 Aug 2025 14-54-26 (1).rctrk,Track 02 Aug 2025 14-54-26 (1),-33.856435,151.212291,1.09,,
"2231",Track 02 Aug 2025 14-54-26 (1).rctrk,Track 02 Aug 2025 14-54-26 (1),-33.863829,151.199947,0.83,,
"2232",Track 02 Aug 2025 14-54-26 (1).rctrk,Track 02 Aug 2025 14-54-26 (1),-33.852928,151.222368,0.89,,
"2234",Track 02 Aug 2025 14-54-26 (1).rctrk,Track 02 Aug 2025 14-54-26 (1),-33.852722,151.205338,0.66,,
"2235",Track 02 Aug 2025 14-54-26 (1).rctrk,Track 02 Aug 2025 14-54-26 (1),-33.853044,151.222145,0.9,,
"2237",Track 02 Aug 2025 14-54-26 (1).rctrk,Track 02 Aug 2025 14-54-26 (1),-33.846674,151.237359,0.89,,
"2242",Track 03 Aug 2025 11-38-10.rctrk,Track 03 Aug 2025 11-38-10,-33.849326,151.234404,0.59,,
"2248",Track 03 Aug 2025 11-38-10.rctrk,Track 03 Aug 2025 11-38-10,-33.852348,151.221623,0.56,,
"2249",Track 03 Aug 2025 11-38-10.rctrk,Track 03 Aug 2025 11-38-10,-33.850121,151.231398,0.61,,
"2250",Track 03 Aug 2025 11-38-10.rctrk,Track 03 Aug 2025 11-38-10,-33.850692,151.232357,0.49,,
"2251",Track 03 Aug 2025 11-38-10.rctrk,Track 03 Aug 2025 11-38-10,-33.8539,151.220932,0.47,,
"2252",Track 03 Aug 2025 11-38-10.rctrk,Track 03 Aug 2025 11-38-10,-33.84785,151.238171,0.73,,
"2254",Track 03 Aug 2025 11-38-10.rctrk,Track 03 Aug 2025 11-38-10,-33.850892,151.225899,0.57,,
"2256",Track 03 Aug 2025 11-38-10.rctrk,Track 03 Aug 2025 11-38-10,-33.853143,151.219478,0.57,,
"2262",Track 03 Aug 2025 11-38-10.rctrk,Track 03 Aug 2025 11-38-10,-33.850839,151.226143,0.57,,
"2264",Track 03 Aug 2025 11-38-10.rctrk,Track 03 Aug 2025 11-38-10,-33.846616,151.239189,1.24,,
"2265",Track 03 Aug 2025 11-38-10.rctrk,Track 03 Aug 2025 11-38-10,-33.853185,151.223528,0.43,,
"2269",Track 03 Aug 2025 11-38-10.rctrk,Track 03 Aug 2025 11-38-10,-33.848513,151.23733,0.65,,
"2276",Track 03 Aug 2025 11-38-10.rctrk,Track 03 Aug 2025 11-38-10,-33.852712,151.214409,0.55,,
"2286",Track 03 Aug 2025 11-38-10.rctrk,Track 03 Aug 2025 11-38-10,-33.84892,151.235149,0.6,,
"2288",Track 03 Aug 2025 11-38-10.rctrk,Track 03 Aug 2025 11-38-10,-33.851983,151.228028,0.47,,
"2289",Track 03 Aug 2025 11-38-10.rctrk,Track 03 Aug 2025 11-38-10,-33.851184,151.224889,0.54,,
"2292",Track 03 Aug 2025 11-38-10.rctrk,Track 03 Aug 2025 11-38-10,-33.852023,151.227896,0.47,,
"2296",Track 03 Aug 2025 11-38-10.rctrk,Track 03 Aug 2025 11-38-10,-33.857723,151.211632,0.72,,
"2300",Track 03 Aug 2025 11-38-10.rctrk,Track 03 Aug 2025 11-38-10,-33.855628,151.211928,0.64,,
"2303",Track 03 Aug 2025 11-38-10.rctrk,Track 03 Aug 2025 11-38-10,-33.853071,151.219715,0.58,,
"2304",Track 03 Aug 2025 11-38-10.rctrk,Track 03 Aug 2025 11-38-10,-33.85381,151.221322,0.46,,
"2308",Track 03 Aug 2025 11-38-10.rctrk,Track 03 Aug 2025 11-38-10,-33.852718,151.225172,0.45,,
"2310",Track 03 Aug 2025 11-38-10.rctrk,Track 03 Aug 2025 11-38-10,-33.850535,151.227826,0.61,,
"2312",Track 03 Aug 2025 11-38-10.rctrk,Track 03 Aug 2025 11-38-10,-33.855811,151.211887,0.61,,
"2315",Track 03 Aug 2025 11-38-10.rctrk,Track 03 Aug 2025 11-38-10,-33.852837,151.224677,0.41,,
"2316",Track 03 Aug 2025 11-38-10.rctrk,Track 03 Aug 2025 11-38-10,-33.850908,151.231629,0.46,,
"2317",Track 03 Aug 2025 11-38-10.rctrk,Track 03 Aug 2025 11-38-10,-33.850661,151.227056,0.58,,
"2318",Track 03 Aug 2025 11-38-10.rctrk,Track 03 Aug 2025 11-38-10,-33.848436,151.237428,0.66,,
"2320",Track 03 Aug 2025 11-38-10.rctrk,Track 03 Aug 2025 11-38-10,-33.850779,151.226407,0.56,,
"2321",Track 03 Aug 2025 11-38-10.rctrk,Track 03 Aug 2025 11-38-10,-33.852849,151.216307,0.58,,
"2326",Track 03 Aug 2025 11-38-10.rctrk,Track 03 Aug 2025 11-38-10,-33.851886,151.222802,0.55,,
"2329",Track 03 Aug 2025 11-38-10.rctrk,Track 03 Aug 2025 11-38-10,-33.852866,151.224547,0.42,,
"2336",Track 03 Aug 2025 11-38-10.rctrk,Track 03 Aug 2025 11-38-10,-33.851112,151.230951,0.46,,
"2340",Track 03 Aug 2025 11-38-10.rctrk,Track 03 Aug 2025 11-38-10,-33.852706,151.214816,0.56,,
"2342",Track 03 Aug 2025 11-38-10.rctrk,Track 03 Aug 2025 11-38-10,-33.859446,151.211338,0.61,,
"2344",Track 03 Aug 2025 11-38-10.rctrk,Track 03 Aug 2025 11-38-10,-33.849934,151.232449,0.59,,
"2348",Track 03 Aug 2025 11-38-10.rctrk,Track 03 Aug 2025 11-38-10,-33.84864,151.237139,0.66,,
"2349",Track 03 Aug 2025 11-38-10.rctrk,Track 03 Aug 2025 11-38-10,-33.854838,151.212025,0.59,,
"2352",Track 03 Aug 2025 11-38-10.rctrk,Track 03 Aug 2025 11-38-10,-33.853391,151.212553,0.57,,
"2354",Track 03 Aug 2025 11-38-10.rctrk,Track 03 Aug 2025 11-38-10,-33.857811,151.211583,0.73,,
"2357",Track 03 Aug 2025 11-38-10.rctrk,Track 03 Aug 2025 11-38-10,-33.854252,151.212184,0.58,,
"2359",Track 03 Aug 2025 11-38-10.rctrk,Track 03 Aug 2025 11-38-10,-33.853711,151.212356,0.57,,
"2361",Track 03 Aug 2025 11-38-10.rctrk,Track 03 Aug 2025 11-38-10,-33.850339,151.229645,0.64,,
"2363",Track 03 Aug 2025 11-38-10.rctrk,Track 03 Aug 2025 11-38-10,-33.84977,151.234976,0.58,,
"2368",Track 03 Aug 2025 11-38-10.rctrk,Track 03 Aug 2025 11-38-10,-33.850959,151.225637,0.57,,
"2369",Track 03 Aug 2025 11-38-10.rctrk,Track 03 Aug 2025 11-38-10,-33.847536,151.238408,0.88,,
"2370",Track 03 Aug 2025 11-38-10.rctrk,Track 03 Aug 2025 11-38-10,-33.847348,151.237171,0.62,,
"2372",Track 03 Aug 2025 11-38-10.rctrk,Track 03 Aug 2025 11-38-10,-33.856575,151.211738,0.6,,
"2373",Track 03 Aug 2025 11-38-10.rctrk,Track 03 Aug 2025 11-38-10,-33.857258,151.211649,0.66,,
"2374",Track 03 Aug 2025 11-38-10.rctrk,Track 03 Aug 2025 11-38-10,-33.852318,151.226737,0.46,,
"2376",Track 03 Aug 2025 11-38-10.rctrk,Track 03 Aug 2025 11-38-10,-33.850152,151.23116,0.61,,
"2378",Track 03 Aug 2025 11-38-10.rctrk,Track 03 Aug 2025 11-38-10,-33.85107,151.225259,0.57,,
"2381",Track 03 Aug 2025 11-38-10.rctrk,Track 03 Aug 2025 11-38-10,-33.852748,151.215321,0.57,,
"2387",Track 03 Aug 2025 11-38-10.rctrk,Track 03 Aug 2025 11-38-10,-33.848578,151.237236,0.66,,
"2388",Track 03 Aug 2025 11-38-10.rctrk,Track 03 Aug 2025 11-38-10,-33.852671,151.22081,0.57,,
"2390",Track 03 Aug 2025 11-38-10.rctrk,Track 03 Aug 2025 11-38-10,-33.851111,151.225134,0.57,,
"2395",Track 03 Aug 2025 11-38-10.rctrk,Track 03 Aug 2025 11-38-10,-33.847655,151.238338,0.8,,
"2396",Track 03 Aug 2025 11-38-10.rctrk,Track 03 Aug 2025 11-38-10,-33.856978,151.211666,0.64,,
"2398",Track 03 Aug 2025 11-38-10.rctrk,Track 03 Aug 2025 11-38-10,-33.852065,151.222338,0.55,,
"2400",Track 03 Aug 2025 11-38-10.rctrk,Track 03 Aug 2025 11-38-10,-33.852733,151.215185,0.57,,
"2404",Track 03 Aug 2025 11-38-10.rctrk,Track 03 Aug 2025 11-38-10,-33.858175,151.211526,0.79,,
"2407",Track 03 Aug 2025 11-38-10.rctrk,Track 03 Aug 2025 11-38-10,-33.853088,151.223795,0.43,,
"2411",Track 03 Aug 2025 11-38-10.rctrk,Track 03 Aug 2025 11-38-10,-33.846633,151.238372,0.61,,
"2412",Track 03 Aug 2025 11-38-10.rctrk,Track 03 Aug 2025 11-38-10,-33.851756,151.228947,0.48,,
"2413",Track 03 Aug 2025 11-38-10.rctrk,Track 03 Aug 2025 11-38-10,-33.850522,151.23299,0.5,,
"2414",Track 03 Aug 2025 11-38-10.rctrk,Track 03 Aug 2025 11-38-10,-33.853433,151.22273,0.45,,
"2419",Track 03 Aug 2025 11-38-10.rctrk,Track 03 Aug 2025 11-38-10,-33.853124,151.217423,0.57,,
"2420",Track 03 Aug 2025 11-38-10.rctrk,Track 03 Aug 2025 11-38-10,-33.853296,151.218984,0.59,,
"2425",Track 03 Aug 2025 11-38-10.rctrk,Track 03 Aug 2025 11-38-10,-33.849648,151.235214,0.58,,
"2426",Track 03 Aug 2025 11-38-10.rctrk,Track 03 Aug 2025 11-38-10,-33.849557,151.235436,0.59,,
"2427",Track 03 Aug 2025 11-38-10.rctrk,Track 03 Aug 2025 11-38-10,-33.85017,151.234146,0.55,,
"2432",Track 03 Aug 2025 11-38-10.rctrk,Track 03 Aug 2025 11-38-10,-33.85184,151.222915,0.55,,
"2437",Track 03 Aug 2025 11-38-10.rctrk,Track 03 Aug 2025 11-38-10,-33.8507,151.226796,0.58,,
"2438",Track 03 Aug 2025 11-38-10.rctrk,Track 03 Aug 2025 11-38-10,-33.849958,151.232326,0.59,,
"2439",Track 03 Aug 2025 11-38-10.rctrk,Track 03 Aug 2025 11-38-10,-33.85335,151.218386,0.58,,
"2444",Track 03 Aug 2025 11-38-10.rctrk,Track 03 Aug 2025 11-38-10,-33.85143,151.224141,0.56,,
"2445",Track 03 Aug 2025 11-38-10.rctrk,Track 03 Aug 2025 11-38-10,-33.852752,151.215464,0.58,,
"2450",Track 03 Aug 2025 11-38-10.rctrk,Track 03 Aug 2025 11-38-10,-33.852278,151.226868,0.46,,
"2455",Track 03 Aug 2025 11-38-10.rctrk,Track 03 Aug 2025 11-38-10,-33.856473,151.211775,0.61,,
"2465",Track 03 Aug 2025 11-38-10.rctrk,Track 03 Aug 2025 11-38-10,-33.859199,151.211336,0.64,,
"2466",Track 03 Aug 2025 11-38-10.rctrk,Track 03 Aug 2025 11-38-10,-33.849705,151.235095,0.58,,
"2472",Track 03 Aug 2025 11-38-10.rctrk,Track 03 Aug 2025 11-38-10,-33.8527,151.214547,0.55,,
"2474",Track 03 Aug 2025 11-38-10.rctrk,Track 03 Aug 2025 11-38-10,-33.850639,151.227189,0.58,,
"2475",Track 03 Aug 2025 11-38-10.rctrk,Track 03 Aug 2025 11-38-10,-33.848291,151.237616,0.67,,
"2477",Track 03 Aug 2025 11-38-10.rctrk,Track 03 Aug 2025 11-38-10,-33.850015,151.234511,0.56,,
"2479",Track 03 Aug 2025 11-38-10.rctrk,Track 03 Aug 2025 11-38-10,-33.848097,151.237891,0.71,,
"2480",Track 03 Aug 2025 11-38-10.rctrk,Track 03 Aug 2025 11-38-10,-33.859562,151.211289,0.61,,
"2489",Track 03 Aug 2025 11-38-10.rctrk,Track 03 Aug 2025 11-38-10,-33.852558,151.225828,0.48,,
"2493",Track 03 Aug 2025 11-38-10.rctrk,Track 03 Aug 2025 11-38-10,-33.851681,151.229195,0.48,,
"2495",Track 03 Aug 2025 11-38-10.rctrk,Track 03 Aug 2025 11-38-10,-33.852152,151.222092,0.55,,
"2496",Track 03 Aug 2025 11-38-10.rctrk,Track 03 Aug 2025 11-38-10,-33.852352,151.226605,0.47,,
"2503",Track 03 Aug 2025 11-38-10.rctrk,Track 03 Aug 2025 11-38-10,-33.853051,151.217187,0.57,,
"2504",Track 03 Aug 2025 11-38-10.rctrk,Track 03 Aug 2025 11-38-10,-33.852929,151.2243,0.42,,
"2509",Track 03 Aug 2025 11-38-10.rctrk,Track 03 Aug 2025 11-38-10,-33.849447,151.23566,0.61,,
"2510",Track 03 Aug 2025 11-38-10.rctrk,Track 03 Aug 2025 11-38-10,-33.852194,151.221976,0.55,,
"2514",Track 03 Aug 2025 11-38-10.rctrk,Track 03 Aug 2025 11-38-10,-33.84949,151.233921,0.58,,
"2516",Track 03 Aug 2025 11-38-10.rctrk,Track 03 Aug 2025 11-38-10,-33.858505,151.211412,0.61,,
"2518",Track 03 Aug 2025 11-38-10.rctrk,Track 03 Aug 2025 11-38-10,-33.855219,151.211982,0.6,,
"2519",Track 03 Aug 2025 11-38-10.rctrk,Track 03 Aug 2025 11-38-10,-33.848986,151.235026,0.59,,
"2525",Track 03 Aug 2025 11-38-10.rctrk,Track 03 Aug 2025 11-38-10,-33.850142,151.231275,0.61,,
"2526",Track 03 Aug 2025 11-38-10.rctrk,Track 03 Aug 2025 11-38-10,-33.849542,151.233786,0.58,,
"2527",Track 03 Aug 2025 11-38-10.rctrk,Track 03 Aug 2025 11-38-10,-33.847313,151.238603,0.91,,
"2528",Track 03 Aug 2025 11-38-10.rctrk,Track 03 Aug 2025 11-38-10,-33.852787,151.213772,0.55,,
"2529",Track 03 Aug 2025 11-38-10.rctrk,Track 03 Aug 2025 11-38-10,-33.853925,151.212281,0.57,,
"2538",Track 03 Aug 2025 11-38-10.rctrk,Track 03 Aug 2025 11-38-10,-33.851153,151.230831,0.46,,
"2544",Track 03 Aug 2025 11-38-10.rctrk,Track 03 Aug 2025 11-38-10,-33.851628,151.223528,0.57,,
"2545",Track 03 Aug 2025 11-38-10.rctrk,Track 03 Aug 2025 11-38-10,-33.848151,151.237803,0.7,,
"2547",Track 03 Aug 2025 11-38-10.rctrk,Track 03 Aug 2025 11-38-10,-33.850321,151.23363,0.52,,
"2548",Track 03 Aug 2025 11-38-10.rctrk,Track 03 Aug 2025 11-38-10,-33.847431,151.238496,0.9,,
"2554",Track 03 Aug 2025 11-38-10.rctrk,Track 03 Aug 2025 11-38-10,-33.852624,151.220933,0.57,,
"2556",Track 03 Aug 2025 11-38-10.rctrk,Track 03 Aug 2025 11-38-10,-33.852725,151.215059,0.56,,
"2559",Track 03 Aug 2025 11-38-10.rctrk,Track 03 Aug 2025 11-38-10,-33.851268,151.224643,0.53,,
"2560",Track 03 Aug 2025 11-38-10.rctrk,Track 03 Aug 2025 11-38-10,-33.848044,151.236325,0.61,,
"2562",Track 03 Aug 2025 11-38-10.rctrk,Track 03 Aug 2025 11-38-10,-33.849961,151.234628,0.57,,
"2563",Track 03 Aug 2025 11-38-10.rctrk,Track 03 Aug 2025 11-38-10,-33.849445,151.234037,0.58,,
"2567",Track 03 Aug 2025 11-38-10.rctrk,Track 03 Aug 2025 11-38-10,-33.853463,151.222599,0.46,,
"2572",Track 03 Aug 2025 11-38-10.rctrk,Track 03 Aug 2025 11-38-10,-33.853286,151.22326,0.45,,
"2574",Track 03 Aug 2025 11-38-10.rctrk,Track 03 Aug 2025 11-38-10,-33.850804,151.231995,0.47,,
"2577",Track 03 Aug 2025 11-38-10.rctrk,Track 03 Aug 2025 11-38-10,-33.847887,151.236485,0.63,,
"2578",Track 03 Aug 2025 11-38-10.rctrk,Track 03 Aug 2025 11-38-10,-33.850324,151.229771,0.63,,
"2583",Track 03 Aug 2025 11-38-10.rctrk,Track 03 Aug 2025 11-38-10,-33.847121,151.237477,0.62,,
"2587",Track 03 Aug 2025 11-38-10.rctrk,Track 03 Aug 2025 11-38-10,-33.852486,151.221284,0.54,,
"2590",Track 03 Aug 2025 11-38-10.rctrk,Track 03 Aug 2025 11-38-10,-33.848286,151.236078,0.6,,
"2598",Track 03 Aug 2025 11-38-10.rctrk,Track 03 Aug 2025 11-38-10,-33.853316,151.223133,0.45,,
"2601",Track 03 Aug 2025 11-38-10.rctrk,Track 03 Aug 2025 11-38-10,-33.846538,151.238812,0.6,,
"2604",Track 03 Aug 2025 11-38-10.rctrk,Track 03 Aug 2025 11-38-10,-33.851421,151.230118,0.45,,
"2608",Track 03 Aug 2025 11-38-10.rctrk,Track 03 Aug 2025 11-38-10,-33.852246,151.221852,0.56,,
"2609",Track 03 Aug 2025 11-38-10.rctrk,Track 03 Aug 2025 11-38-10,-33.853387,151.222869,0.45,,
"2610",Track 03 Aug 2025 11-38-10.rctrk,Track 03 Aug 2025 11-38-10,-33.853201,151.217671,0.57,,
"2615",Track 03 Aug 2025 11-38-10.rctrk,Track 03 Aug 2025 11-38-10,-33.850381,151.229264,0.64,,
"2617",Track 03 Aug 2025 11-38-10.rctrk,Track 03 Aug 2025 11-38-10,-33.852764,151.215602,0.58,,
"2629",Track 03 Aug 2025 11-38-10.rctrk,Track 03 Aug 2025 11-38-10,-33.852829,151.220449,0.59,,
"2630",Track 03 Aug 2025 11-38-10.rctrk,Track 03 Aug 2025 11-38-10,-33.852663,151.225425,0.46,,
"2631",Track 03 Aug 2025 11-38-10.rctrk,Track 03 Aug 2025 11-38-10,-33.849903,151.234746,0.57,,
"2632",Track 03 Aug 2025 11-38-10.rctrk,Track 03 Aug 2025 11-38-10,-33.851943,151.228165,0.47,,
"2635",Track 03 Aug 2025 11-38-10.rctrk,Track 03 Aug 2025 11-38-10,-33.852926,151.220206,0.58,,
"2636",Track 03 Aug 2025 11-38-10.rctrk,Track 03 Aug 2025 11-38-10,-33.853617,151.221955,0.45,,
"2637",Track 03 Aug 2025 11-38-10.rctrk,Track 03 Aug 2025 11-38-10,-33.851747,151.223152,0.55,,
"2638",Track 03 Aug 2025 11-38-10.rctrk,Track 03 Aug 2025 11-38-10,-33.852874,151.216437,0.59,,
"2641",Track 03 Aug 2025 11-38-10.rctrk,Track 03 Aug 2025 11-38-10,-33.848782,151.236927,0.64,,
"2644",Track 03 Aug 2025 11-38-10.rctrk,Track 03 Aug 2025 11-38-10,-33.857678,151.23846,5.79,,
"2648",Track 03 Aug 2025 11-38-10.rctrk,Track 03 Aug 2025 11-38-10,-33.852143,151.227388,0.46,,
"2649",Track 03 Aug 2025 11-38-10.rctrk,Track 03 Aug 2025 11-38-10,-33.851547,151.223776,0.57,,
"2653",Track 03 Aug 2025 11-38-10.rctrk,Track 03 Aug 2025 11-38-10,-33.848128,151.236249,0.61,,
"2656",Track 03 Aug 2025 11-38-10.rctrk,Track 03 Aug 2025 11-38-10,-33.858289,151.211486,0.6,,
"2659",Track 03 Aug 2025 11-38-10.rctrk,Track 03 Aug 2025 11-38-10,-33.853034,151.219836,0.57,,
"2660",Track 03 Aug 2025 11-38-10.rctrk,Track 03 Aug 2025 11-38-10,-33.852897,151.224423,0.43,,
"2662",Track 03 Aug 2025 11-38-10.rctrk,Track 03 Aug 2025 11-38-10,-33.852119,151.227516,0.46,,
"2669",Track 03 Aug 2025 11-38-10.rctrk,Track 03 Aug 2025 11-38-10,-33.849981,151.232193,0.58,,
"2671",Track 03 Aug 2025 11-38-10.rctrk,Track 03 Aug 2025 11-38-10,-33.850808,151.226278,0.56,,
"2672",Track 03 Aug 2025 11-38-10.rctrk,Track 03 Aug 2025 11-38-10,-33.856816,151.211682,0.62,,
"2673",Track 03 Aug 2025 11-38-10.rctrk,Track 03 Aug 2025 11-38-10,-33.853592,151.222071,0.45,,
"2675",Track 03 Aug 2025 11-38-10.rctrk,Track 03 Aug 2025 11-38-10,-33.850227,151.230696,0.62,,
"2678",Track 03 Aug 2025 11-38-10.rctrk,Track 03 Aug 2025 11-38-10,-33.851,151.231365,0.46,,
"2682",Track 03 Aug 2025 11-38-10.rctrk,Track 03 Aug 2025 11-38-10,-33.85387,151.22106,0.46,,
"2685",Track 03 Aug 2025 11-38-10.rctrk,Track 03 Aug 2025 11-38-10,-33.85302,151.217078,0.57,,
"2688",Track 03 Aug 2025 11-38-10.rctrk,Track 03 Aug 2025 11-38-10,-33.853051,151.223919,0.43,,
"2689",Track 03 Aug 2025 11-38-10.rctrk,Track 03 Aug 2025 11-38-10,-33.850256,151.230429,0.62,,
"2692",Track 03 Aug 2025 11-38-10.rctrk,Track 03 Aug 2025 11-38-10,-33.850727,151.23223,0.49,,
"2693",Track 03 Aug 2025 11-38-10.rctrk,Track 03 Aug 2025 11-38-10,-33.853354,151.218515,0.59,,
"2694",Track 03 Aug 2025 11-38-10.rctrk,Track 03 Aug 2025 11-38-10,-33.851203,151.230713,0.46,,
"2698",Track 03 Aug 2025 11-38-10.rctrk,Track 03 Aug 2025 11-38-10,-33.848662,151.235582,0.59,,
"2701",Track 03 Aug 2025 11-38-10.rctrk,Track 03 Aug 2025 11-38-10,-33.849508,151.235545,0.6,,
"2704",Track 03 Aug 2025 11-38-10.rctrk,Track 03 Aug 2025 11-38-10,-33.850015,151.232068,0.59,,
"2705",Track 03 Aug 2025 11-38-10.rctrk,Track 03 Aug 2025 11-38-10,-33.852779,151.220566,0.58,,
"2706",Track 03 Aug 2025 11-38-10.rctrk,Track 03 Aug 2025 11-38-10,-33.849839,151.23486,0.58,,
"2708",Track 03 Aug 2025 11-38-10.rctrk,Track 03 Aug 2025 11-38-10,-33.850301,151.230032,0.64,,
"2713",Track 03 Aug 2025 11-38-10.rctrk,Track 03 Aug 2025 11-38-10,-33.852933,151.216712,0.58,,
"2714",Track 03 Aug 2025 11-38-10.rctrk,Track 03 Aug 2025 11-38-10,-33.851331,151.23036,0.45,,
"2715",Track 03 Aug 2025 11-38-10.rctrk,Track 03 Aug 2025 11-38-10,-33.852779,151.215742,0.59,,
"2719",Track 03 Aug 2025 11-38-10.rctrk,Track 03 Aug 2025 11-38-10,-33.85035,151.22952,0.64,,
"2720",Track 03 Aug 2025 11-38-10.rctrk,Track 03 Aug 2025 11-38-10,-33.851796,151.223031,0.54,,
"2721",Track 03 Aug 2025 11-38-10.rctrk,Track 03 Aug 2025 11-38-10,-33.852734,151.214275,0.55,,
"2724",Track 03 Aug 2025 11-38-10.rctrk,Track 03 Aug 2025 11-38-10,-33.852021,151.222456,0.54,,
"2727",Track 03 Aug 2025 11-38-10.rctrk,Track 03 Aug 2025 11-38-10,-33.851147,151.225011,0.56,,
"2732",Track 03 Aug 2025 11-38-10.rctrk,Track 03 Aug 2025 11-38-10,-33.856667,151.211713,0.61,,
"2735",Track 03 Aug 2025 11-38-10.rctrk,Track 03 Aug 2025 11-38-10,-33.857529,151.21165,0.68,,
"2743",Track 03 Aug 2025 11-38-10.rctrk,Track 03 Aug 2025 11-38-10,-33.85283,151.216174,0.58,,
"2744",Track 03 Aug 2025 11-38-10.rctrk,Track 03 Aug 2025 11-38-10,-33.852752,151.214154,0.54,,
"2745",Track 03 Aug 2025 11-38-10.rctrk,Track 03 Aug 2025 11-38-10,-33.85542,151.21196,0.62,,
"2751",Track 03 Aug 2025 11-38-10.rctrk,Track 03 Aug 2025 11-38-10,-33.852893,151.216582,0.59,,
"2753",Track 03 Aug 2025 11-38-10.rctrk,Track 03 Aug 2025 11-38-10,-33.852864,151.213398,0.56,,
"2759",Track 03 Aug 2025 11-38-10.rctrk,Track 03 Aug 2025 11-38-10,-33.851243,151.230592,0.46,,
"2761",Track 03 Aug 2025 11-38-10.rctrk,Track 03 Aug 2025 11-38-10,-33.847064,151.237567,0.62,,
"2762",Track 03 Aug 2025 11-38-10.rctrk,Track 03 Aug 2025 11-38-10,-33.850589,151.232734,0.5,,
"2765",Track 03 Aug 2025 11-38-10.rctrk,Track 03 Aug 2025 11-38-10,-33.848782,151.235392,0.59,,
"2768",Track 03 Aug 2025 11-38-10.rctrk,Track 03 Aug 2025 11-38-10,-33.852811,151.216048,0.59,,
"2771",Track 03 Aug 2025 11-38-10.rctrk,Track 03 Aug 2025 11-38-10,-33.849145,151.236236,0.62,,
"2772",Track 03 Aug 2025 11-38-10.rctrk,Track 03 Aug 2025 11-38-10,-33.848721,151.235493,0.58,,
"2776",Track 03 Aug 2025 11-38-10.rctrk,Track 03 Aug 2025 11-38-10,-33.856237,151.211804,0.63,,
"2777",Track 03 Aug 2025 11-38-10.rctrk,Track 03 Aug 2025 11-38-10,-33.852626,151.225565,0.47,,
"2779",Track 03 Aug 2025 11-38-10.rctrk,Track 03 Aug 2025 11-38-10,-33.851667,151.223398,0.56,,
"2780",Track 03 Aug 2025 11-38-10.rctrk,Track 03 Aug 2025 11-38-10,-33.854134,151.212225,0.57,,
"2781",Track 03 Aug 2025 11-38-10.rctrk,Track 03 Aug 2025 11-38-10,-33.853297,151.212632,0.57,,
"2787",Track 03 Aug 2025 11-38-10.rctrk,Track 03 Aug 2025 11-38-10,-33.849377,151.23428,0.59,,
"2789",Track 03 Aug 2025 11-38-10.rctrk,Track 03 Aug 2025 11-38-10,-33.854581,151.212091,0.59,,
"2791",Track 03 Aug 2025 11-38-10.rctrk,Track 03 Aug 2025 11-38-10,-33.851373,151.230241,0.45,,
"2798",Track 03 Aug 2025 11-38-10.rctrk,Track 03 Aug 2025 11-38-10,-33.850312,151.229905,0.64,,
"2802",Track 03 Aug 2025 11-38-10.rctrk,Track 03 Aug 2025 11-38-10,-33.852061,151.227769,0.46,,
"2807",Track 03 Aug 2025 11-38-10.rctrk,Track 03 Aug 2025 11-38-10,-33.852783,151.224925,0.45,,
"2809",Track 03 Aug 2025 11-38-10.rctrk,Track 03 Aug 2025 11-38-10,-33.854471,151.212116,0.59,,
"2813",Track 03 Aug 2025 11-38-10.rctrk,Track 03 Aug 2025 11-38-10,-33.853131,151.212807,0.57,,
"2816",Track 03 Aug 2025 11-38-10.rctrk,Track 03 Aug 2025 11-38-10,-33.853842,151.221191,0.46,,
"2819",Track 03 Aug 2025 11-38-10.rctrk,Track 03 Aug 2025 11-38-10,-33.852248,151.226988,0.46,,
"2821",Track 03 Aug 2025 11-38-10.rctrk,Track 03 Aug 2025 11-38-10,-33.852747,151.225047,0.45,,
"2822",Track 03 Aug 2025 11-38-10.rctrk,Track 03 Aug 2025 11-38-10,-33.847576,151.236845,0.63,,
"2823",Track 03 Aug 2025 11-38-10.rctrk,Track 03 Aug 2025 11-38-10,-33.849325,151.2359,0.61,,
"2825",Track 03 Aug 2025 11-38-10.rctrk,Track 03 Aug 2025 11-38-10,-33.850434,151.23324,0.5,,
"2827",Track 03 Aug 2025 11-38-10.rctrk,Track 03 Aug 2025 11-38-10,-33.850069,151.231835,0.59,,
"2837",Track 03 Aug 2025 11-38-10.rctrk,Track 03 Aug 2025 11-38-10,-33.852394,151.221508,0.55,,
"2838",Track 03 Aug 2025 11-38-10.rctrk,Track 03 Aug 2025 11-38-10,-33.856329,151.211786,0.64,,
"2856",Track 03 Aug 2025 11-38-10.rctrk,Track 03 Aug 2025 11-38-10,-33.853228,151.219214,0.57,,
"2860",Track 03 Aug 2025 11-38-10.rctrk,Track 03 Aug 2025 11-38-10,-33.852768,151.213894,0.55,,
"2861",Track 03 Aug 2025 11-38-10.rctrk,Track 03 Aug 2025 11-38-10,-33.85259,151.225694,0.48,,
"2870",Track 03 Aug 2025 11-38-10.rctrk,Track 03 Aug 2025 11-38-10,-33.84966,151.233392,0.57,,
"2875",Track 03 Aug 2025 11-38-10.rctrk,Track 03 Aug 2025 11-38-10,-33.850766,151.232118,0.49,,
"2876",Track 03 Aug 2025 11-38-10.rctrk,Track 03 Aug 2025 11-38-10,-33.859665,151.211244,0.63,,
"2878",Track 03 Aug 2025 11-38-10.rctrk,Track 03 Aug 2025 11-38-10,-33.850849,151.231868,0.46,,
"2881",Track 03 Aug 2025 11-38-10.rctrk,Track 03 Aug 2025 11-38-10,-33.853502,151.222465,0.46,,
"2882",Track 03 Aug 2025 11-38-10.rctrk,Track 03 Aug 2025 11-38-10,-33.848215,151.237715,0.69,,
"2883",Track 03 Aug 2025 11-38-10.rctrk,Track 03 Aug 2025 11-38-10,-33.855718,151.211912,0.64,,
"2885",Track 03 Aug 2025 11-38-10.rctrk,Track 03 Aug 2025 11-38-10,-33.847959,151.236412,0.62,,
"2887",Track 03 Aug 2025 11-38-10.rctrk,Track 03 Aug 2025 11-38-10,-33.848955,151.236603,0.64,,
"2893",Track 03 Aug 2025 11-38-10.rctrk,Track 03 Aug 2025 11-38-10,-33.851717,151.229074,0.48,,
"2902",Track 03 Aug 2025 11-38-10.rctrk,Track 03 Aug 2025 11-38-10,-33.852966,151.220086,0.58,,
"2903",Track 03 Aug 2025 11-38-10.rctrk,Track 03 Aug 2025 11-38-10,-33.850555,151.2277,0.61,,
"2905",Track 03 Aug 2025 11-38-10.rctrk,Track 03 Aug 2025 11-38-10,-33.853321,151.21814,0.58,,
"2907",Track 03 Aug 2025 11-38-10.rctrk,Track 03 Aug 2025 11-38-10,-33.851631,151.22932,0.46,,
"2919",Track 03 Aug 2025 11-38-10.rctrk,Track 03 Aug 2025 11-38-10,-33.8504,151.229142,0.64,,
"2920",Track 03 Aug 2025 11-38-10.rctrk,Track 03 Aug 2025 11-38-10,-33.851497,151.229833,0.46,,
"2925",Track 03 Aug 2025 11-38-10.rctrk,Track 03 Aug 2025 11-38-10,-33.850455,151.228512,0.62,,
"2926",Track 03 Aug 2025 11-38-10.rctrk,Track 03 Aug 2025 11-38-10,-33.850039,151.231956,0.59,,
"2928",Track 03 Aug 2025 11-38-10.rctrk,Track 03 Aug 2025 11-38-10,-33.852812,151.213643,0.55,,
"2929",Track 03 Aug 2025 11-38-10.rctrk,Track 03 Aug 2025 11-38-10,-33.85036,151.233504,0.51,,
"2932",Track 03 Aug 2025 11-38-10.rctrk,Track 03 Aug 2025 11-38-10,-33.852757,151.214019,0.54,,
"2933",Track 03 Aug 2025 11-38-10.rctrk,Track 03 Aug 2025 11-38-10,-33.85193,151.222681,0.55,,
"2937",Track 03 Aug 2025 11-38-10.rctrk,Track 03 Aug 2025 11-38-10,-33.851793,151.228819,0.48,,
"2938",Track 03 Aug 2025 11-38-10.rctrk,Track 03 Aug 2025 11-38-10,-33.859343,151.211365,0.63,,
"2947",Track 03 Aug 2025 11-38-10.rctrk,Track 03 Aug 2025 11-38-10,-33.849141,151.234687,0.58,,
"2951",Track 03 Aug 2025 11-38-10.rctrk,Track 03 Aug 2025 11-38-10,-33.849045,151.234907,0.59,,
"2953",Track 03 Aug 2025 11-38-10.rctrk,Track 03 Aug 2025 11-38-10,-33.846592,151.238517,0.61,,
"2954",Track 03 Aug 2025 11-38-10.rctrk,Track 03 Aug 2025 11-38-10,-33.851469,151.224023,0.56,,
"2960",Track 03 Aug 2025 11-38-10.rctrk,Track 03 Aug 2025 11-38-10,-33.853733,151.221593,0.46,,
"2966",Track 03 Aug 2025 11-38-10.rctrk,Track 03 Aug 2025 11-38-10,-33.848203,151.236168,0.61,,
"2968",Track 03 Aug 2025 11-38-10.rctrk,Track 03 Aug 2025 11-38-10,-33.850286,151.230303,0.63,,
"2969",Track 03 Aug 2025 11-38-10.rctrk,Track 03 Aug 2025 11-38-10,-33.850497,151.228095,0.62,,
"2977",Track 03 Aug 2025 11-38-10.rctrk,Track 03 Aug 2025 11-38-10,-33.851883,151.228424,0.48,,
"2978",Track 03 Aug 2025 11-38-10.rctrk,Track 03 Aug 2025 11-38-10,-33.858709,151.211399,0.62,,
"2987",Track 03 Aug 2025 11-38-10.rctrk,Track 03 Aug 2025 11-38-10,-33.853557,151.222196,0.45,,
"2988",Track 03 Aug 2025 11-38-10.rctrk,Track 03 Aug 2025 11-38-10,-33.852841,151.213518,0.55,,
"2992",Track 03 Aug 2025 11-38-10.rctrk,Track 03 Aug 2025 11-38-10,-33.852811,151.224798,0.44,,
"2993",Track 03 Aug 2025 11-38-10.rctrk,Track 03 Aug 2025 11-38-10,-33.850401,151.229,0.64,,
"2997",Track 03 Aug 2025 11-38-10.rctrk,Track 03 Aug 2025 11-38-10,-33.851081,151.231092,0.46,,
"3001",Track 03 Aug 2025 11-38-10.rctrk,Track 03 Aug 2025 11-38-10,-33.850194,151.230929,0.61,,
"3006",Track 03 Aug 2025 11-38-10.rctrk,Track 03 Aug 2025 11-38-10,-33.850483,151.23311,0.5,,
"3007",Track 03 Aug 2025 11-38-10.rctrk,Track 03 Aug 2025 11-38-10,-33.853239,151.223397,0.44,,
"3012",Track 03 Aug 2025 11-38-10.rctrk,Track 03 Aug 2025 11-38-10,-33.848582,151.235672,0.59,,
"3016",Track 03 Aug 2025 11-38-10.rctrk,Track 03 Aug 2025 11-38-10,-33.853498,151.212476,0.57,,
"3025",Track 03 Aug 2025 11-38-10.rctrk,Track 03 Aug 2025 11-38-10,-33.850752,151.226539,0.58,,
"3029",Track 03 Aug 2025 11-38-10.rctrk,Track 03 Aug 2025 11-38-10,-33.852453,151.226219,0.46,,
"3030",Track 03 Aug 2025 11-38-10.rctrk,Track 03 Aug 2025 11-38-10,-33.850486,151.228233,0.62,,
"3032",Track 03 Aug 2025 11-38-10.rctrk,Track 03 Aug 2025 11-38-10,-33.856134,151.211826,0.63,,
"3033",Track 03 Aug 2025 11-38-10.rctrk,Track 03 Aug 2025 11-38-10,-33.851586,151.223648,0.55,,
"3042",Track 03 Aug 2025 11-38-10.rctrk,Track 03 Aug 2025 11-38-10,-33.847277,151.237273,0.62,,
"3048",Track 03 Aug 2025 11-38-10.rctrk,Track 03 Aug 2025 11-38-10,-33.848368,151.235992,0.6,,
"3054",Track 03 Aug 2025 11-38-10.rctrk,Track 03 Aug 2025 11-38-10,-33.858025,151.21153,0.75,,
"3055",Track 03 Aug 2025 11-38-10.rctrk,Track 03 Aug 2025 11-38-10,-33.852417,151.226347,0.46,,
"3059",Track 03 Aug 2025 11-38-10.rctrk,Track 03 Aug 2025 11-38-10,-33.850125,151.234279,0.55,,
"3061",Track 03 Aug 2025 11-38-10.rctrk,Track 03 Aug 2025 11-38-10,-33.852998,151.213023,0.57,,
"3062",Track 03 Aug 2025 11-38-10.rctrk,Track 03 Aug 2025 11-38-10,-33.846814,151.239023,1.08,,
"3073",Track 03 Aug 2025 11-38-10.rctrk,Track 03 Aug 2025 11-38-10,-33.858601,151.211416,0.62,,
"3074",Track 03 Aug 2025 11-38-10.rctrk,Track 03 Aug 2025 11-38-10,-33.847199,151.237364,0.62,,
"3077",Track 03 Aug 2025 11-38-10.rctrk,Track 03 Aug 2025 11-38-10,-33.846858,151.237887,0.61,,
"3078",Track 03 Aug 2025 11-38-10.rctrk,Track 03 Aug 2025 11-38-10,-33.850294,151.233754,0.52,,
"3079",Track 03 Aug 2025 11-38-10.rctrk,Track 03 Aug 2025 11-38-10,-33.849776,151.232959,0.58,,
"3080",Track 03 Aug 2025 11-38-10.rctrk,Track 03 Aug 2025 11-38-10,-33.850241,151.230563,0.61,,
"3081",Track 03 Aug 2025 11-38-10.rctrk,Track 03 Aug 2025 11-38-10,-33.852904,151.213265,0.57,,
"3085",Track 03 Aug 2025 11-38-10.rctrk,Track 03 Aug 2025 11-38-10,-33.846727,151.238139,0.62,,
"3086",Track 03 Aug 2025 11-38-10.rctrk,Track 03 Aug 2025 11-38-10,-33.846999,151.237677,0.63,,
"3087",Track 03 Aug 2025 11-38-10.rctrk,Track 03 Aug 2025 11-38-10,-33.855325,151.211974,0.61,,
"3093",Track 03 Aug 2025 11-38-10.rctrk,Track 03 Aug 2025 11-38-10,-33.853167,151.21755,0.56,,
"3094",Track 03 Aug 2025 11-38-10.rctrk,Track 03 Aug 2025 11-38-10,-33.846781,151.237999,0.62,,
"3095",Track 03 Aug 2025 11-38-10.rctrk,Track 03 Aug 2025 11-38-10,-33.850179,151.231042,0.61,,
"3099",Track 03 Aug 2025 11-38-10.rctrk,Track 03 Aug 2025 11-38-10,-33.851355,151.224394,0.53,,
"3100",Track 03 Aug 2025 11-38-10.rctrk,Track 03 Aug 2025 11-38-10,-33.850366,151.229384,0.64,,
"3101",Track 03 Aug 2025 11-38-10.rctrk,Track 03 Aug 2025 11-38-10,-33.850726,151.226663,0.58,,
"3103",Track 03 Aug 2025 11-38-10.rctrk,Track 03 Aug 2025 11-38-10,-33.852382,151.226474,0.47,,
"3104",Track 03 Aug 2025 11-38-10.rctrk,Track 03 Aug 2025 11-38-10,-33.850256,151.233885,0.53,,
"3105",Track 03 Aug 2025 11-38-10.rctrk,Track 03 Aug 2025 11-38-10,-33.847503,151.236965,0.62,,
"3112",Track 03 Aug 2025 11-38-10.rctrk,Track 03 Aug 2025 11-38-10,-33.847193,151.238718,0.93,,
"3114",Track 03 Aug 2025 11-38-10.rctrk,Track 03 Aug 2025 11-38-10,-33.84653,151.239257,0.6,,
"3115",Track 03 Aug 2025 11-38-10.rctrk,Track 03 Aug 2025 11-38-10,-33.852946,151.213146,0.57,,
"3119",Track 03 Aug 2025 11-38-10.rctrk,Track 03 Aug 2025 11-38-10,-33.859102,151.211345,0.64,,
"3120",Track 03 Aug 2025 11-38-10.rctrk,Track 03 Aug 2025 11-38-10,-33.850469,151.228371,0.62,,
"3122",Track 03 Aug 2025 11-38-10.rctrk,Track 03 Aug 2025 11-38-10,-33.850103,151.231525,0.61,,
"3126",Track 03 Aug 2025 11-38-10.rctrk,Track 03 Aug 2025 11-38-10,-33.853773,151.221461,0.46,,
"3127",Track 03 Aug 2025 11-38-10.rctrk,Track 03 Aug 2025 11-38-10,-33.853008,151.224049,0.43,,
"3128",Track 03 Aug 2025 11-38-10.rctrk,Track 03 Aug 2025 11-38-10,-33.853231,151.217797,0.57,,
"3129",Track 03 Aug 2025 11-38-10.rctrk,Track 03 Aug 2025 11-38-10,-33.854355,151.212152,0.58,,
"3130",Track 03 Aug 2025 11-38-10.rctrk,Track 03 Aug 2025 11-38-10,-33.851384,151.224268,0.56,,
"3132",Track 03 Aug 2025 11-38-10.rctrk,Track 03 Aug 2025 11-38-10,-33.85319,151.219343,0.57,,
"3134",Track 03 Aug 2025 11-38-10.rctrk,Track 03 Aug 2025 11-38-10,-33.852294,151.221738,0.56,,
"3136",Track 03 Aug 2025 11-38-10.rctrk,Track 03 Aug 2025 11-38-10,-33.854976,151.212004,0.6,,
"3138",Track 03 Aug 2025 11-38-10.rctrk,Track 03 Aug 2025 11-38-10,-33.849748,151.233077,0.58,,
"3141",Track 03 Aug 2025 11-38-10.rctrk,Track 03 Aug 2025 11-38-10,-33.852725,151.220687,0.58,,
"3144",Track 03 Aug 2025 11-38-10.rctrk,Track 03 Aug 2025 11-38-10,-33.850079,151.234398,0.55,,
"3146",Track 03 Aug 2025 11-38-10.rctrk,Track 03 Aug 2025 11-38-10,-33.850516,151.227958,0.61,,
"3152",Track 03 Aug 2025 11-38-10.rctrk,Track 03 Aug 2025 11-38-10,-33.84926,151.234516,0.59,,
"3153",Track 03 Aug 2025 11-38-10.rctrk,Track 03 Aug 2025 11-38-10,-33.853134,151.223663,0.43,,
"3159",Track 03 Aug 2025 11-38-10.rctrk,Track 03 Aug 2025 11-38-10,-33.852087,151.227644,0.46,,
"3165",Track 03 Aug 2025 11-38-10.rctrk,Track 03 Aug 2025 11-38-10,-33.850212,151.234024,0.53,,
"3171",Track 03 Aug 2025 11-38-10.rctrk,Track 03 Aug 2025 11-38-10,-33.849402,151.234156,0.58,,
"3180",Track 03 Aug 2025 11-38-10.rctrk,Track 03 Aug 2025 11-38-10,-33.846927,151.238926,1.01,,
"3188",Track 03 Aug 2025 11-38-10.rctrk,Track 03 Aug 2025 11-38-10,-33.846537,151.238954,0.59,,
"3189",Track 03 Aug 2025 11-38-10.rctrk,Track 03 Aug 2025 11-38-10,-33.85087,151.226022,0.57,,
"3190",Track 03 Aug 2025 11-38-10.rctrk,Track 03 Aug 2025 11-38-10,-33.84773,151.236656,0.63,,
"3193",Track 03 Aug 2025 11-38-10.rctrk,Track 03 Aug 2025 11-38-10,-33.850679,151.226928,0.58,,
"3199",Track 03 Aug 2025 11-38-10.rctrk,Track 03 Aug 2025 11-38-10,-33.849633,151.233528,0.57,,
"3200",Track 03 Aug 2025 11-38-10.rctrk,Track 03 Aug 2025 11-38-10,-33.849841,151.232696,0.59,,
"3201",Track 03 Aug 2025 11-38-10.rctrk,Track 03 Aug 2025 11-38-10,-33.858809,151.211383,0.63,,
"3203",Track 03 Aug 2025 11-38-10.rctrk,Track 03 Aug 2025 11-38-10,-33.847056,151.238817,0.95,,
"3204",Track 03 Aug 2025 11-38-10.rctrk,Track 03 Aug 2025 11-38-10,-33.850929,151.225766,0.58,,
"3205",Track 03 Aug 2025 11-38-10.rctrk,Track 03 Aug 2025 11-38-10,-33.852873,151.220328,0.59,,
"3206",Track 03 Aug 2025 11-38-10.rctrk,Track 03 Aug 2025 11-38-10,-33.85253,151.221174,0.54,,
"3207",Track 03 Aug 2025 11-38-10.rctrk,Track 03 Aug 2025 11-38-10,-33.85334,151.218728,0.58,,
"3208",Track 03 Aug 2025 11-38-10.rctrk,Track 03 Aug 2025 11-38-10,-33.85716,151.211651,0.65,,
"3211",Track 03 Aug 2025 11-38-10.rctrk,Track 03 Aug 2025 11-38-10,-33.849385,151.235784,0.61,,
"3216",Track 03 Aug 2025 11-38-10.rctrk,Track 03 Aug 2025 11-38-10,-33.852793,151.215871,0.59,,
"3217",Track 03 Aug 2025 11-38-10.rctrk,Track 03 Aug 2025 11-38-10,-33.853346,151.223004,0.45,,
"3219",Track 03 Aug 2025 11-38-10.rctrk,Track 03 Aug 2025 11-38-10,-33.853288,151.218031,0.57,,
"3221",Track 03 Aug 2025 11-38-10.rctrk,Track 03 Aug 2025 11-38-10,-33.853532,151.222338,0.45,,
"3222",Track 03 Aug 2025 11-38-10.rctrk,Track 03 Aug 2025 11-38-10,-33.851284,151.230477,0.46,,
"3227",Track 03 Aug 2025 11-38-10.rctrk,Track 03 Aug 2025 11-38-10,-33.852965,151.224178,0.43,,
"3228",Track 03 Aug 2025 11-38-10.rctrk,Track 03 Aug 2025 11-38-10,-33.84667,151.238252,0.61,,
"3230",Track 03 Aug 2025 11-38-10.rctrk,Track 03 Aug 2025 11-38-10,-33.849802,151.232834,0.58,,
"3231",Track 03 Aug 2025 11-38-10.rctrk,Track 03 Aug 2025 11-38-10,-33.849096,151.234797,0.59,,
"3234",Track 03 Aug 2025 11-38-10.rctrk,Track 03 Aug 2025 11-38-10,-33.849269,151.236017,0.6,,
"3236",Track 03 Aug 2025 11-38-10.rctrk,Track 03 Aug 2025 11-38-10,-33.847968,151.238043,0.72,,
"3237",Track 03 Aug 2025 11-38-10.rctrk,Track 03 Aug 2025 11-38-10,-33.851222,151.224767,0.53,,
"3238",Track 03 Aug 2025 11-38-10.rctrk,Track 03 Aug 2025 11-38-10,-33.852956,151.21685,0.58,,
"3239",Track 03 Aug 2025 11-38-10.rctrk,Track 03 Aug 2025 11-38-10,-33.85249,151.226091,0.47,,
"3240",Track 03 Aug 2025 11-38-10.rctrk,Track 03 Aug 2025 11-38-10,-33.853209,151.212721,0.57,,
"3248",Track 03 Aug 2025 11-38-10.rctrk,Track 03 Aug 2025 11-38-10,-33.856026,151.211867,0.62,,
"3249",Track 03 Aug 2025 11-38-10.rctrk,Track 03 Aug 2025 11-38-10,-33.851041,151.231229,0.46,,
"3257",Track 03 Aug 2025 11-38-10.rctrk,Track 03 Aug 2025 11-38-10,-33.849211,151.23613,0.62,,
"3260",Track 03 Aug 2025 11-38-10.rctrk,Track 03 Aug 2025 11-38-10,-33.848714,151.237032,0.64,,
"3262",Track 03 Aug 2025 11-38-10.rctrk,Track 03 Aug 2025 11-38-10,-33.848858,151.2353,0.59,,
"3264",Track 03 Aug 2025 11-38-10.rctrk,Track 03 Aug 2025 11-38-10,-33.848504,151.23578,0.59,,
"3265",Track 03 Aug 2025 11-38-10.rctrk,Track 03 Aug 2025 11-38-10,-33.847737,151.238283,0.73,,
"3267",Track 03 Aug 2025 11-38-10.rctrk,Track 03 Aug 2025 11-38-10,-33.84969,151.233275,0.58,,
"3272",Track 03 Aug 2025 11-38-10.rctrk,Track 03 Aug 2025 11-38-10,-33.849084,151.23634,0.63,,
"3275",Track 03 Aug 2025 11-38-10.rctrk,Track 03 Aug 2025 11-38-10,-33.855112,151.239641,5.82,,
"3277",Track 03 Aug 2025 11-38-10.rctrk,Track 03 Aug 2025 11-38-10,-33.84743,151.237063,0.62,,
"3281",Track 03 Aug 2025 11-38-10.rctrk,Track 03 Aug 2025 11-38-10,-33.85062,151.227324,0.61,,
"3285",Track 03 Aug 2025 11-38-10.rctrk,Track 03 Aug 2025 11-38-10,-33.850598,151.227449,0.61,,
"3292",Track 03 Aug 2025 11-38-10.rctrk,Track 03 Aug 2025 11-38-10,-33.855904,151.211875,0.61,,
"3294",Track 03 Aug 2025 11-38-10.rctrk,Track 03 Aug 2025 11-38-10,-33.850421,151.228756,0.62,,
"3295",Track 03 Aug 2025 11-38-10.rctrk,Track 03 Aug 2025 11-38-10,-33.853678,151.221831,0.46,,
"3297",Track 03 Aug 2025 11-38-10.rctrk,Track 03 Aug 2025 11-38-10,-33.850435,151.228643,0.62,,
"3298",Track 03 Aug 2025 11-38-10.rctrk,Track 03 Aug 2025 11-38-10,-33.849029,151.236442,0.63,,
"3300",Track 03 Aug 2025 11-38-10.rctrk,Track 03 Aug 2025 11-38-10,-33.851981,151.222572,0.53,,
"3302",Track 03 Aug 2025 11-38-10.rctrk,Track 03 Aug 2025 11-38-10,-33.850621,151.232611,0.49,,
"3311",Track 03 Aug 2025 11-38-10.rctrk,Track 03 Aug 2025 11-38-10,-33.848429,151.235881,0.59,,
"3313",Track 03 Aug 2025 11-38-10.rctrk,Track 03 Aug 2025 11-38-10,-33.858382,151.211448,0.6,,
"3320",Track 03 Aug 2025 11-38-10.rctrk,Track 03 Aug 2025 11-38-10,-33.853053,151.212925,0.57,,
"3322",Track 03 Aug 2025 11-38-10.rctrk,Track 03 Aug 2025 11-38-10,-33.850401,151.228868,0.64,,
"3325",Track 03 Aug 2025 11-38-10.rctrk,Track 03 Aug 2025 11-38-10,-33.852106,151.222218,0.55,,
"3327",Track 03 Aug 2025 11-38-10.rctrk,Track 03 Aug 2025 11-38-10,-33.852716,151.214939,0.56,,
"3330",Track 03 Aug 2025 11-38-10.rctrk,Track 03 Aug 2025 11-38-10,-33.852527,151.225964,0.47,,
"3332",Track 03 Aug 2025 11-38-10.rctrk,Track 03 Aug 2025 11-38-10,-33.852988,151.216965,0.59,,
"3341",Track 03 Aug 2025 11-38-10.rctrk,Track 03 Aug 2025 11-38-10,-33.850555,151.232867,0.5,,
"3344",Track 03 Aug 2025 11-38-10.rctrk,Track 03 Aug 2025 11-38-10,-33.851456,151.229977,0.46,,
"3355",Track 03 Aug 2025 11-38-10.rctrk,Track 03 Aug 2025 11-38-10,-33.851563,151.229563,0.46,,
"3356",Track 03 Aug 2025 11-38-10.rctrk,Track 03 Aug 2025 11-38-10,-33.851596,151.229441,0.46,,
"3359",Track 03 Aug 2025 11-38-10.rctrk,Track 03 Aug 2025 11-38-10,-33.851712,151.223275,0.55,,
"3363",Track 03 Aug 2025 11-38-10.rctrk,Track 03 Aug 2025 11-38-10,-33.852178,151.227251,0.46,,
"3369",Track 03 Aug 2025 11-38-10.rctrk,Track 03 Aug 2025 11-38-10,-33.854673,151.212067,0.59,,
"3370",Track 03 Aug 2025 11-38-10.rctrk,Track 03 Aug 2025 11-38-10,-33.850884,151.231747,0.46,,
"3380",Track 03 Aug 2025 11-38-10.rctrk,Track 03 Aug 2025 11-38-10,-33.85332,151.218858,0.57,,
"3389",Track 03 Aug 2025 11-38-10.rctrk,Track 03 Aug 2025 11-38-10,-33.851821,151.228682,0.48,,
"3390",Track 03 Aug 2025 11-38-10.rctrk,Track 03 Aug 2025 11-38-10,-33.850657,151.232484,0.48,,
"3393",Track 03 Aug 2025 11-38-10.rctrk,Track 03 Aug 2025 11-38-10,-33.846552,151.238673,0.61,,
"3394",Track 03 Aug 2025 11-38-10.rctrk,Track 03 Aug 2025 11-38-10,-33.850204,151.230803,0.61,,
"3395",Track 03 Aug 2025 11-38-10.rctrk,Track 03 Aug 2025 11-38-10,-33.853106,151.219597,0.57,,
"3399",Track 03 Aug 2025 11-38-10.rctrk,Track 03 Aug 2025 11-38-10,-33.855099,151.211995,0.61,,
"3404",Track 03 Aug 2025 11-38-10.rctrk,Track 03 Aug 2025 11-38-10,-33.853262,151.217912,0.57,,
"3406",Track 03 Aug 2025 11-38-10.rctrk,Track 03 Aug 2025 11-38-10,-33.850284,151.230166,0.63,,
"3407",Track 03 Aug 2025 11-38-10.rctrk,Track 03 Aug 2025 11-38-10,-33.852575,151.221057,0.56,,
"3408",Track 03 Aug 2025 11-38-10.rctrk,Track 03 Aug 2025 11-38-10,-33.859005,151.211352,0.64,,
"3409",Track 03 Aug 2025 11-38-10.rctrk,Track 03 Aug 2025 11-38-10,-33.851854,151.228551,0.48,,
"3413",Track 03 Aug 2025 11-38-10.rctrk,Track 03 Aug 2025 11-38-10,-33.853603,151.212414,0.57,,
"3414",Track 03 Aug 2025 11-38-10.rctrk,Track 03 Aug 2025 11-38-10,-33.850994,151.225512,0.57,,
"3418",Track 03 Aug 2025 11-38-10.rctrk,Track 03 Aug 2025 11-38-10,-33.848845,151.236819,0.63,,
"3419",Track 03 Aug 2025 11-38-10.rctrk,Track 03 Aug 2025 11-38-10,-33.852686,151.225292,0.46,,
"3422",Track 03 Aug 2025 11-38-10.rctrk,Track 03 Aug 2025 11-38-10,-33.852212,151.227118,0.45,,
"3423",Track 03 Aug 2025 11-38-10.rctrk,Track 03 Aug 2025 11-38-10,-33.850081,151.23168,0.59,,
"3424",Track 03 Aug 2025 11-38-10.rctrk,Track 03 Aug 2025 11-38-10,-33.857353,151.211647,0.67,,
"3425",Track 03 Aug 2025 11-38-10.rctrk,Track 03 Aug 2025 11-38-10,-33.850955,151.2315,0.47,,
"3430",Track 03 Aug 2025 11-38-10.rctrk,Track 03 Aug 2025 11-38-10,-33.849582,151.233653,0.58,,
"3433",Track 03 Aug 2025 11-38-10.rctrk,Track 03 Aug 2025 11-38-10,-33.852994,151.219953,0.58,,
"3436",Track 03 Aug 2025 11-38-10.rctrk,Track 03 Aug 2025 11-38-10,-33.853712,151.221721,0.46,,
"3437",Track 03 Aug 2025 11-38-10.rctrk,Track 03 Aug 2025 11-38-10,-33.85191,151.228295,0.48,,
"3442",Track 03 Aug 2025 11-38-10.rctrk,Track 03 Aug 2025 11-38-10,-33.852437,151.221397,0.55,,
"3443",Track 03 Aug 2025 11-38-10.rctrk,Track 03 Aug 2025 11-38-10,-33.855525,151.211947,0.64,,
"3444",Track 03 Aug 2025 11-38-10.rctrk,Track 03 Aug 2025 11-38-10,-33.857067,151.211652,0.65,,
"3446",Track 03 Aug 2025 11-38-10.rctrk,Track 03 Aug 2025 11-38-10,-33.857627,151.211667,0.7,,
"3447",Track 03 Aug 2025 11-38-10.rctrk,Track 03 Aug 2025 11-38-10,-33.853263,151.219102,0.58,,
"3448",Track 03 Aug 2025 11-38-10.rctrk,Track 03 Aug 2025 11-38-10,-33.857917,151.21156,0.73,,
"3450",Track 03 Aug 2025 11-38-10.rctrk,Track 03 Aug 2025 11-38-10,-33.850398,151.233378,0.51,,
"3454",Track 03 Aug 2025 11-38-10.rctrk,Track 03 Aug 2025 11-38-10,-33.84989,151.232578,0.59,,
"3456",Track 03 Aug 2025 11-38-10.rctrk,Track 03 Aug 2025 11-38-10,-33.853334,151.218268,0.58,,
"3457",Track 03 Aug 2025 11-38-10.rctrk,Track 03 Aug 2025 11-38-10,-33.854027,151.212249,0.57,,
"3458",Track 03 Aug 2025 11-38-10.rctrk,Track 03 Aug 2025 11-38-10,-33.846531,151.23926,1.3,,
"3459",Track 03 Aug 2025 11-38-10.rctrk,Track 03 Aug 2025 11-38-10,-33.853967,151.220675,0.48,,
"3464",Track 03 Aug 2025 11-38-10.rctrk,Track 03 Aug 2025 11-38-10,-33.851031,151.225384,0.57,,
"3469",Track 03 Aug 2025 11-38-10.rctrk,Track 03 Aug 2025 11-38-10,-33.853087,151.217302,0.57,,
"3478",Track 03 Aug 2025 11-38-10.rctrk,Track 03 Aug 2025 11-38-10,-33.846924,151.237775,0.64,,
"3480",Track 03 Aug 2025 11-38-10.rctrk,Track 03 Aug 2025 11-38-10,-33.847648,151.236752,0.63,,
"3481",Track 03 Aug 2025 11-38-10.rctrk,Track 03 Aug 2025 11-38-10,-33.850576,151.227572,0.61,,
"3482",Track 03 Aug 2025 11-38-10.rctrk,Track 03 Aug 2025 11-38-10,-33.846542,151.239091,0.58,,
"3486",Track 03 Aug 2025 11-38-10.rctrk,Track 03 Aug 2025 11-38-10,-33.852703,151.21468,0.55,,
"3487",Track 03 Aug 2025 11-38-10.rctrk,Track 03 Aug 2025 11-38-10,-33.853818,151.212312,0.57,,
"3488",Track 03 Aug 2025 11-38-10.rctrk,Track 03 Aug 2025 11-38-10,-33.853933,151.220806,0.47,,
"3489",Track 03 Aug 2025 11-38-10.rctrk,Track 03 Aug 2025 11-38-10,-33.851312,151.224517,0.53,,
"3492",Track 03 Aug 2025 11-38-10.rctrk,Track 03 Aug 2025 11-38-10,-33.8467,151.239113,1.15,,
"3497",Track 03 Aug 2025 11-38-10.rctrk,Track 03 Aug 2025 11-38-10,-33.847798,151.236579,0.63,,
"3500",Track 03 Aug 2025 11-38-10.rctrk,Track 03 Aug 2025 11-38-10,-33.851498,151.223897,0.57,,
"3511",Track 03 Aug 2025 11-38-10.rctrk,Track 03 Aug 2025 11-38-10,-33.8496,151.23533,0.58,,
"3515",Track 03 Aug 2025 11-38-10.rctrk,Track 03 Aug 2025 11-38-10,-33.848362,151.237521,0.67,,
"3517",Track 03 Aug 2025 11-38-10.rctrk,Track 03 Aug 2025 11-38-10,-33.851528,151.229692,0.45,,
